fog/high/1578X721_20200409_OH01_DG06_2_13_torchvision.jpg,0.065760578
fog/high/1578X721_20200409_OH01_DG06_2_16_torchvision.jpg,0.056556995
fog/high/1578X721_20200409_OH01_DG06_2_25_torchvision.jpg,0.025481615
fog/high/1578X721_20200409_OH01_DG06_2_26_torchvision.jpg,0.097220578
fog/high/1672D721_20200401_OH01_DG06_2_23_torchvision.jpg,0.052542306
fog/high/1672D721_20200401_OH01_DG06_2_7_torchvision.jpg,0.016228151
fog/high/1676Z713_20200403_OH01_DG06_2_21_torchvision.jpg,0.068360615
fog/high/1679R341_20200409_OH01_DG06_2_29_torchvision.jpg,0.056819011
fog/high/1778D521_20200514_OH01_DG06_2_15_torchvision.jpg,0.050771518
fog/high/1970Y932_20200429_OH01_DG06_2_3_torchvision.jpg,0.034263933
fog/high/1974X582_20200513_OH01_DG06_2_16_torchvision.jpg,0.022350317
fog/high/1974X882_20200513_OH01_DG06_2_25_torchvision.jpg,0.104893206
fog/high/1974X911_20200513_OH01_DG06_2_6_torchvision.jpg,0.023623088
fog/high/1974X941_20200513_OH01_DG06_2_5_torchvision.jpg,0.038834989
fog/high/1974X943_20200513_OH01_DG06_2_4_torchvision.jpg,0.0354576
fog/high/1974X955_20200513_OH01_DG06_2_19_torchvision.jpg,0.041501137
fog/high/1974Z931_20200513_OH01_DG06_2_10_torchvision.jpg,0.05676213
fog/high/1974Z931_20200513_OH01_DG06_2_11_torchvision.jpg,0.039026385
fog/high/2074D021_20200512_OH01_DG06_2_1_torchvision.jpg,0.041244105
fog/high/2074D022_20200512_OH01_DG06_2_10_torchvision.jpg,0.05243814
fog/high/2074D022_20200512_OH01_DG06_2_4_torchvision.jpg,0.072996302
fog/high/2074D022_20200512_OH01_DG06_2_5_torchvision.jpg,0.046730392
fog/high/2074D721_20200512_OH01_DG06_2_18_torchvision.jpg,0.047005926
fog/high/2074D721_20200512_OH01_DG06_2_4_torchvision.jpg,0.034169271
fog/high/2074P332_20200512_OH01_DG06_2_21_torchvision.jpg,0.086810846
fog/high/2074P713_20200513_OH01_DG06_2_5_torchvision.jpg,0.037754253
fog/high/2174H163_20200512_OH01_DG06_2_6_torchvision.jpg,0.017587396
fog/high/4520_1579D111_176_torchvision.jpg,0.0280981
fog/high/4520_1679H301_179_torchvision.jpg,0.026717086
fog/high/4520_1679S541_180_torchvision.jpg,0.075938894
fog/high/4520_1680Z272_183_torchvision.jpg,0.035654265
fog/high/4520_2079X191_202_torchvision.jpg,0.113652111
fog/high/4520_2080E752_205_torchvision.jpg,0.053021243
fog/high/4520_2175E771_220_torchvision.jpg,0.068997865
fog/high/4520_2175F051_221_torchvision.jpg,0.085429686
fog/high/4520_2176E201_224_torchvision.jpg,0.009337103
fog/high/4520_2176W912_230_torchvision.jpg,0.035894542
fog/high/4520_2182Z551_244_torchvision.jpg,0.074129415
fog/high/4520_2266B001_245_torchvision.jpg,0.048906528
fog/high/4520_22671862_246_torchvision.jpg,0.059481256
fog/high/4520_22683991_250_torchvision.jpg,0.034659905
fog/high/4520_2269E181_257_torchvision.jpg,0.031606861
fog/high/4520_2271D423_263_torchvision.jpg,0.047368445
fog/high/4520_2271Z911_270_torchvision.jpg,0.026878346
fog/high/4520_2273E292_274_torchvision.jpg,0.068075518
fog/high/4520_2273E613_276_torchvision.jpg,0.050708515
fog/high/4520_2273H311_279_torchvision.jpg,0.036256694
fog/high/4520_2273X641_285_torchvision.jpg,0.06557502
fog/high/4520_2273Z691_286_torchvision.jpg,0.03385467
fog/high/4520_2274B693_290_torchvision.jpg,0.071547445
fog/high/4520_2274C711_294_torchvision.jpg,0.049035472
fog/high/4520_2275A736_309_torchvision.jpg,0.086105857
fog/high/4520_2275E033_316_torchvision.jpg,0.057612153
fog/high/4520_2275P311_323_torchvision.jpg,0.043605769
fog/high/4520_2275P831_324_torchvision.jpg,0.076972673
fog/high/4520_2275W413_331_torchvision.jpg,0.074803718
fog/high/4520_2276C961_334_torchvision.jpg,0.062134303
fog/high/4520_2278X322_355_torchvision.jpg,0.028601006
fog/high/4520_2279P971_356_torchvision.jpg,0.056246415
fog/high/4520_2366D551_365_torchvision.jpg,0.043173136
fog/high/4520_23682211_374_torchvision.jpg,0.05971165
fog/high/4520_2368B712_379_torchvision.jpg,0.070304775
fog/high/4520_2370P932_389_torchvision.jpg,0.090148984
fog/high/4520_2371P821_393_torchvision.jpg,0.056548641
fog/high/4520_2373A194_410_torchvision.jpg,0.040903751
fog/high/4520_2373R171_418_torchvision.jpg,0.041355149
fog/high/4520_2374H462_426_torchvision.jpg,0.04101627
fog/high/4520_2377G914_435_torchvision.jpg,0.056214513
fog/high/4520_2380S391_442_torchvision.jpg,0.054139893
fog/high/4520_2381X371_447_torchvision.jpg,0.034128055
fog/high/4520_2465C661_450_torchvision.jpg,0.063572332
fog/high/4520_2466Q872_452_torchvision.jpg,0.070772438
fog/high/4520_2466R761_453_torchvision.jpg,0.028145687
fog/high/4520_2467D081_454_torchvision.jpg,0.057960885
fog/high/4520_2469Q371_458_torchvision.jpg,0.089729997
fog/high/4520_2470D142_460_torchvision.jpg,0.047828183
fog/high/4520_2470R631_464_torchvision.jpg,0.048816044
fog/high/4520_2473P861_471_torchvision.jpg,0.076438907
fog/high/4520_2478E202_475_torchvision.jpg,0.086108911
fog/high/4520_2478X071_476_torchvision.jpg,0.084375412
fog/high/4520_2479B613_478_torchvision.jpg,0.102927187
fog/high/4520_2479S411_485_torchvision.jpg,0.080568349
fog/high/4520_2480X523_490_torchvision.jpg,0.076537473
fog/high/4520_2570Z751_499_torchvision.jpg,0.059456344
fog/high/4520_2575Y082_505_torchvision.jpg,0.030789288
fog/high/4520_2577A732_508_torchvision.jpg,0.059057152
fog/high/4520_2579W092_514_torchvision.jpg,0.034088915
fog/high/4520_2580A271_517_torchvision.jpg,0.047164239
fog/high/4520_2580C561_518_torchvision.jpg,0.059728099
fog/high/4520_26711933_527_torchvision.jpg,0.036134916
fog/high/4520_26712963_529_torchvision.jpg,0.024435064
fog/high/4520_26714081_532_torchvision.jpg,0.02558585
fog/high/4520_2771R621_544_torchvision.jpg,0.038860149
fog/high/4520_2779C931_555_torchvision.jpg,0.076479922
fog/high/4520_2976P562_577_torchvision.jpg,0.044745317
fog/high/4520_2976R491_579_torchvision.jpg,0.037446235
fog/high/4520_30731611_580_torchvision.jpg,0.065836304
fog/high/4520_3173R801_585_torchvision.jpg,0.009726647
fog/high/4520_33732782_591_torchvision.jpg,0.073593312
fog/high/4592_7998A981_594_torchvision.jpg,0.036027527
fog/high/4592_7998E272_595_torchvision.jpg,0.05693744
fog/high/7815_1472E721_599_torchvision.jpg,0.033866667
fog/high/7815_1474C901_603_torchvision.jpg,0.049507654
fog/high/7815_1479Y162_606_torchvision.jpg,0.03853692
fog/high/7815_1575E181_614_torchvision.jpg,0.046266489
fog/high/7815_1577H791_621_torchvision.jpg,0.086873276
fog/high/7815_1674G721_630_torchvision.jpg,0.068277842
fog/high/7815_17714084_650_torchvision.jpg,0.059939151
fog/high/7815_1773A891_655_torchvision.jpg,0.010229931
fog/high/7815_1866F861_664_torchvision.jpg,0.048570853
fog/high/7815_1866G461_665_torchvision.jpg,0.048885696
fog/high/7815_1871P741_668_torchvision.jpg,0.047123825
fog/high/7815_1874H221_670_torchvision.jpg,0.038652835
fog/high/7815_1970X023_687_torchvision.jpg,0.065472744
fog/high/7815_1973R692_693_torchvision.jpg,0.053431897
fog/high/7815_1974X881_698_torchvision.jpg,0.041595001
fog/high/7815_1974Y191_699_torchvision.jpg,0.035216181
fog/high/7815_1975C371_703_torchvision.jpg,0.027694649
fog/high/7815_2068C701_714_torchvision.jpg,0.070655803
fog/high/7815_2071X121_719_torchvision.jpg,0.049832412
fog/high/7815_2073E702_724_torchvision.jpg,0.04418465
fog/high/7815_2074H422_746_torchvision.jpg,0.03329125
fog/high/7815_2074W041_753_torchvision.jpg,0.069638549
fog/high/7815_2075E421_761_torchvision.jpg,0.08966591
fog/high/7815_2075S791_766_torchvision.jpg,0.04711605
fog/high/7815_2075Z821_774_torchvision.jpg,0.036949893
fog/high/7815_2173F931_787_torchvision.jpg,0.055688264
fog/high/7815_2173X852_791_torchvision.jpg,0.078112042
fog/high/7815_2174B363_796_torchvision.jpg,0.016309082
fog/high/7815_2174S562_805_torchvision.jpg,0.080579081
fog/high/7815_2174W022_807_torchvision.jpg,0.07252876
fog/high/7815_2175R782_825_torchvision.jpg,0.018318934
fog/high/7815_2175S351_826_torchvision.jpg,0.030082993
fog/high/7815_2175X524_831_torchvision.jpg,0.122853513
fog/high/7815_2175Y551_832_torchvision.jpg,0.057121005
fog/high/7815_2272E381_835_torchvision.jpg,0.03723108
fog/high/7815_2273B242_838_torchvision.jpg,0.033430776
fog/high/7815_2274S224_846_torchvision.jpg,0.048178182
fog/light/1578X721_20200409_OH01_DG06_2_13_torchvision.jpg,0.036448271
fog/light/1578X721_20200409_OH01_DG06_2_27_torchvision.jpg,0.045317621
fog/light/1672D721_20200401_OH01_DG06_2_24_torchvision.jpg,0.01688448
fog/light/1672D721_20200401_OH01_DG06_2_6_torchvision.jpg,0.061403425
fog/light/1673E672_20200416_OH01_DG06_2_4_torchvision.jpg,0.048041635
fog/light/1678F614_20200514_OH01_DG06_2_13_torchvision.jpg,0.037559904
fog/light/1679R341_20200409_OH01_DG06_2_29_torchvision.jpg,0.051761954
fog/light/1775D301_20200403_OH01_DG06_2_20_torchvision.jpg,0.048286564
fog/light/1776R262_20200413_OH01_DG06_2_6_torchvision.jpg,0.034970481
fog/light/1778D521_20200514_OH01_DG06_2_15_torchvision.jpg,0.03636434
fog/light/1778S292_20200514_OH01_DG06_2_7_torchvision.jpg,0.041319102
fog/light/1970Y932_20200429_OH01_DG06_2_6_torchvision.jpg,0.014171997
fog/light/1974E431_20200402_OH01_DG06_2_20_torchvision.jpg,0.069872125
fog/light/1974X582_20200513_OH01_DG06_2_16_torchvision.jpg,0.009904895
fog/light/1974X882_20200513_OH01_DG06_2_25_torchvision.jpg,0.078560821
fog/light/1974X882_20200513_OH01_DG06_2_4_torchvision.jpg,0.071832408
fog/light/2073A262_20200511_OH01_DG06_2_4_torchvision.jpg,0.044675728
fog/light/2073A262_20200511_OH01_DG06_2_5_torchvision.jpg,0.042899553
fog/light/2074A921_20200512_OH01_DG06_2_25_torchvision.jpg,0.042618943
fog/light/2074D022_20200512_OH01_DG06_2_9_torchvision.jpg,0.051754281
fog/light/2074D093_20200512_OH01_DG06_2_3_torchvision.jpg,0.022107379
fog/light/2074D131_20200512_OH01_DG06_2_8_torchvision.jpg,0.015511008
fog/light/2074D721_20200512_OH01_DG06_2_5_torchvision.jpg,0.049053405
fog/light/2074P282_20200512_OH01_DG06_2_31_torchvision.jpg,0.052990096
fog/light/2074P332_20200512_OH01_DG06_2_19_torchvision.jpg,0.042133675
fog/light/2074P351_20200512_OH01_DG06_2_5_torchvision.jpg,0.030557684
fog/light/2074P871_20200512_OH01_DG06_2_15_torchvision.jpg,0.0459303
fog/light/2074P871_20200512_OH01_DG06_2_16_torchvision.jpg,0.04018254
fog/light/2074P871_20200512_OH01_DG06_2_8_torchvision.jpg,0.059479567
fog/light/2074P891_20200512_OH01_DG06_2_6_torchvision.jpg,0.055439972
fog/light/2173X932_20200508_OH01_DG06_2_22_torchvision.jpg,0.056166076
fog/light/4520_1579D111_176_torchvision.jpg,0.031796982
fog/light/4520_1679Z341_181_torchvision.jpg,0.024592591
fog/light/4520_1680Z272_183_torchvision.jpg,0.040170682
fog/light/4520_18792271_184_torchvision.jpg,0.06282842
fog/light/4520_1978Z452_192_torchvision.jpg,0.044891695
fog/light/4520_2078R932_197_torchvision.jpg,0.041881969
fog/light/4520_21681512_211_torchvision.jpg,0.04192201
fog/light/4520_2176Z412_232_torchvision.jpg,0.02352784
fog/light/4520_2182Y522_242_torchvision.jpg,0.041084328
fog/light/4520_2267G412_248_torchvision.jpg,0.054569678
fog/light/4520_2268X221_253_torchvision.jpg,0.024964269
fog/light/4520_2268X895_254_torchvision.jpg,0.103772606
fog/light/4520_2269E181_257_torchvision.jpg,0.038063012
fog/light/4520_2273E373_275_torchvision.jpg,0.012014447
fog/light/4520_2273H414_282_torchvision.jpg,0.028034251
fog/light/4520_2273Z691_286_torchvision.jpg,0.045046505
fog/light/4520_2274C521_293_torchvision.jpg,0.038762746
fog/light/4520_2274C711_294_torchvision.jpg,0.042401007
fog/light/4520_2274D051_295_torchvision.jpg,0.108848188
fog/light/4520_2274H741_300_torchvision.jpg,0.041334369
fog/light/4520_2275E122_318_torchvision.jpg,0.037351536
fog/light/4520_2275Q943_328_torchvision.jpg,0.018598938
fog/light/4520_2276D734_336_torchvision.jpg,0.055617179
fog/light/4520_2276Q801_339_torchvision.jpg,0.092583245
fog/light/4520_2366D551_365_torchvision.jpg,0.029303658
fog/light/4520_2366P871_366_torchvision.jpg,0.040746829
fog/light/4520_23672884_369_torchvision.jpg,0.027227009
fog/light/4520_2370A561_385_torchvision.jpg,0.093359687
fog/light/4520_2370A701_386_torchvision.jpg,0.036740365
fog/light/4520_2371C902_391_torchvision.jpg,0.025275348
fog/light/4520_2371D341_392_torchvision.jpg,0.035203063
fog/light/4520_2372A463_399_torchvision.jpg,0.042691224
fog/light/4520_2372C342_401_torchvision.jpg,0.046792795
fog/light/4520_2372E661_403_torchvision.jpg,0.019809492
fog/light/4520_2372R652_405_torchvision.jpg,0.071495819
fog/light/4520_2372R803_406_torchvision.jpg,0.04411762
fog/light/4520_2372X151_408_torchvision.jpg,0.063484451
fog/light/4520_2373A161_409_torchvision.jpg,0.051586813
fog/light/4520_2373R063_417_torchvision.jpg,0.027222717
fog/light/4520_2373R582_420_torchvision.jpg,0.02212764
fog/light/4520_2374Y742_431_torchvision.jpg,0.07676872
fog/light/4520_2378Z343_439_torchvision.jpg,0.059494686
fog/light/4520_2381X371_447_torchvision.jpg,0.03450673
fog/light/4520_2465A141_449_torchvision.jpg,0.044313718
fog/light/4520_2466Q202_451_torchvision.jpg,0.030802642
fog/light/4520_2468G281_456_torchvision.jpg,0.040683251
fog/light/4520_2470G833_462_torchvision.jpg,0.054009419
fog/light/4520_2470R631_464_torchvision.jpg,0.053467601
fog/light/4520_2474X671_473_torchvision.jpg,0.038867032
fog/light/4520_2479D852_480_torchvision.jpg,0.024201228
fog/light/4520_2479R191_484_torchvision.jpg,0.051727289
fog/light/4520_2480H951_488_torchvision.jpg,0.025391269
fog/light/4520_2568R951_493_torchvision.jpg,0.044546314
fog/light/4520_25693893_494_torchvision.jpg,0.048488223
fog/light/4520_2569P022_495_torchvision.jpg,0.016497959
fog/light/4520_2570Z751_499_torchvision.jpg,0.035018522
fog/light/4520_2571Z472_502_torchvision.jpg,0.029735396
fog/light/4520_2576W851_506_torchvision.jpg,0.060417532
fog/light/4520_26711721_525_torchvision.jpg,0.043951092
fog/light/4520_26712963_529_torchvision.jpg,0.040157843
fog/light/4520_26713082_530_torchvision.jpg,0.080243229
fog/light/4520_26713497_531_torchvision.jpg,0.079836742
fog/light/4520_2770A032_542_torchvision.jpg,0.052571191
fog/light/4520_27713562_543_torchvision.jpg,0.038763857
fog/light/4520_2775W151_551_torchvision.jpg,0.03418352
fog/light/4520_2778A561_554_torchvision.jpg,0.021422241
fog/light/4520_2779G021_556_torchvision.jpg,0.05909332
fog/light/4520_28721031_559_torchvision.jpg,0.037822421
fog/light/4520_28732531_561_torchvision.jpg,0.029194694
fog/light/4520_2974F291_570_torchvision.jpg,0.04333565
fog/light/4520_3173R801_585_torchvision.jpg,0.029283531
fog/light/4520_3177D691_588_torchvision.jpg,0.025237341
fog/light/4520_33732891_592_torchvision.jpg,0.031261779
fog/light/7815_1472G501_601_torchvision.jpg,0.074462772
fog/light/7815_1474C901_603_torchvision.jpg,0.048086883
fog/light/7815_1477E861_604_torchvision.jpg,0.043639879
fog/light/7815_1573P711_609_torchvision.jpg,0.046320124
fog/light/7815_1573R351_611_torchvision.jpg,0.050480142
fog/light/7815_1579Z231_622_torchvision.jpg,0.051165655
fog/light/7815_1673S521_629_torchvision.jpg,0.036380928
fog/light/7815_1675D851_632_torchvision.jpg,0.039855059
fog/light/7815_1675W871_633_torchvision.jpg,0.081416935
fog/light/7815_1770G401_644_torchvision.jpg,0.069091461
fog/light/7815_17724802_653_torchvision.jpg,0.03799129
fog/light/7815_1774H261_657_torchvision.jpg,0.053482107
fog/light/7815_1776R262_662_torchvision.jpg,0.023354183
fog/light/7815_1871P741_668_torchvision.jpg,0.035157882
fog/light/7815_1874H741_672_torchvision.jpg,0.074877989
fog/light/7815_1967E671_683_torchvision.jpg,0.073455062
fog/light/7815_1968B351_684_torchvision.jpg,0.038089697
fog/light/7815_1969H751_685_torchvision.jpg,0.026685166
fog/light/7815_1969X181_686_torchvision.jpg,0.037573103
fog/light/7815_1970X023_687_torchvision.jpg,0.056612963
fog/light/7815_1971G052_690_torchvision.jpg,0.070184063
fog/light/7815_1975C371_703_torchvision.jpg,0.017978691
fog/light/7815_2074A826_727_torchvision.jpg,0.038638256
fog/light/7815_2074A921_728_torchvision.jpg,0.023777303
fog/light/7815_2074C962_731_torchvision.jpg,0.050886494
fog/light/7815_2074E222_732_torchvision.jpg,0.05714334
fog/light/7815_2074G752_741_torchvision.jpg,0.045410889
fog/light/7815_2074H233_745_torchvision.jpg,0.025413714
fog/light/7815_2074R111_752_torchvision.jpg,0.061313682
fog/light/7815_2172E981_779_torchvision.jpg,0.075884008
fog/light/7815_2172S282_781_torchvision.jpg,0.023571522
fog/light/7815_2173F931_787_torchvision.jpg,0.03489187
fog/light/7815_2173H931_790_torchvision.jpg,0.04839309
fog/light/7815_2173X932_792_torchvision.jpg,0.053312504
fog/light/7815_2174S562_805_torchvision.jpg,0.125289205
fog/light/7815_2174W552_808_torchvision.jpg,0.081672738
fog/light/7815_2174X231_810_torchvision.jpg,0.044944429
fog/light/7815_2174Z772_815_torchvision.jpg,0.076082046
fog/light/7815_2175R641_821_torchvision.jpg,0.023063584
fog/light/7815_2175R782_825_torchvision.jpg,0.019334636
fog/light/7815_2175W582_828_torchvision.jpg,0.044673509
fog/light/7815_2176P921_833_torchvision.jpg,0.038413219
fog/light/7815_2273A963_836_torchvision.jpg,0.043640594
fog/light/7815_2273B242_838_torchvision.jpg,0.040502435
fog/light/7815_2273C951_843_torchvision.jpg,0.048097994
fog/moderate/1672D721_20200401_OH01_DG06_2_24_torchvision.jpg,0.015270669
fog/moderate/1672D721_20200401_OH01_DG06_2_7_torchvision.jpg,0.049442858
fog/moderate/1672D721_20200401_OH01_DG06_2_8_torchvision.jpg,0.01342591
fog/moderate/1672D721_20200401_OH01_DG06_2_9_torchvision.jpg,0.054121061
fog/moderate/1673E672_20200416_OH01_DG06_2_3_torchvision.jpg,0.024474244
fog/moderate/1673E672_20200416_OH01_DG06_2_8_torchvision.jpg,0.024482452
fog/moderate/1674E732_20200403_OH01_DG06_2_19_torchvision.jpg,0.056873203
fog/moderate/1674Z413_20200416_OH01_DG06_2_8_torchvision.jpg,0.054650868
fog/moderate/1675S482_20200409_OH01_DG06_2_13_torchvision.jpg,0.032712465
fog/moderate/1676Z713_20200403_OH01_DG06_2_18_torchvision.jpg,0.073868785
fog/moderate/1678F614_20200514_OH01_DG06_2_28_torchvision.jpg,0.034879661
fog/moderate/1775A532_20200403_OH01_DG06_2_19_torchvision.jpg,0.020062747
fog/moderate/1778D521_20200514_OH01_DG06_2_15_torchvision.jpg,0.036735936
fog/moderate/1778P951_20200514_OH01_DG06_2_13_torchvision.jpg,0.025148315
fog/moderate/1778P951_20200514_OH01_DG06_2_14_torchvision.jpg,0.015062096
fog/moderate/1778S292_20200514_OH01_DG06_2_8_torchvision.jpg,0.022748115
fog/moderate/1974E431_20200402_OH01_DG06_2_17_torchvision.jpg,0.039252387
fog/moderate/1974X954_20200513_OH01_DG06_2_1_torchvision.jpg,0.031246506
fog/moderate/2074D022_20200512_OH01_DG06_2_5_torchvision.jpg,0.063883834
fog/moderate/2074D022_20200512_OH01_DG06_2_9_torchvision.jpg,0.038661689
fog/moderate/2074D131_20200512_OH01_DG06_2_8_torchvision.jpg,0.029500717
fog/moderate/2074D721_20200512_OH01_DG06_2_19_torchvision.jpg,0.050210756
fog/moderate/2074P282_20200512_OH01_DG06_2_26_torchvision.jpg,0.097179799
fog/moderate/2074P332_20200512_OH01_DG06_2_21_torchvision.jpg,0.048274595
fog/moderate/2074P352_20200512_OH01_DG06_2_17_torchvision.jpg,0.042325692
fog/moderate/2074P352_20200512_OH01_DG06_2_42_torchvision.jpg,0.046928023
fog/moderate/2074P871_20200512_OH01_DG06_2_14_torchvision.jpg,0.029219253
fog/moderate/2075W372_20200506_OH01_DG06_2_4_torchvision.jpg,0.041817121
fog/moderate/2075X451_20200507_OH01_DG06_2_32_torchvision.jpg,0.045532815
fog/moderate/2173X932_20200508_OH01_DG06_2_22_torchvision.jpg,0.031937224
fog/moderate/4520_1679S541_180_torchvision.jpg,0.015227779
fog/moderate/4520_1679Z341_181_torchvision.jpg,0.111658869
fog/moderate/4520_18792271_184_torchvision.jpg,0.054477306
fog/moderate/4520_1978G931_186_torchvision.jpg,0.024092726
fog/moderate/4520_1978H273_187_torchvision.jpg,0.038351875
fog/moderate/4520_1978H351_188_torchvision.jpg,0.052092932
fog/moderate/4520_1978Z452_192_torchvision.jpg,0.043095213
fog/moderate/4520_2078R041_196_torchvision.jpg,0.054970628
fog/moderate/4520_2080E752_205_torchvision.jpg,0.038133032
fog/moderate/4520_21683381_212_torchvision.jpg,0.054100603
fog/moderate/4520_2176G121_225_torchvision.jpg,0.035661994
fog/moderate/4520_2176Z412_232_torchvision.jpg,0.091067874
fog/moderate/4520_2176Z561_233_torchvision.jpg,0.033131366
fog/moderate/4520_2181S751_241_torchvision.jpg,0.06881157
fog/moderate/4520_2267F091_247_torchvision.jpg,0.04475069
fog/moderate/4520_2268W191_252_torchvision.jpg,0.076130346
fog/moderate/4520_2268Y481_255_torchvision.jpg,0.016448259
fog/moderate/4520_2269E181_257_torchvision.jpg,0.043611052
fog/moderate/4520_2269G091_259_torchvision.jpg,0.10118062
fog/moderate/4520_2271Q021_266_torchvision.jpg,0.037854194
fog/moderate/4520_2271Q031_267_torchvision.jpg,0.028424304
fog/moderate/4520_2271X902_269_torchvision.jpg,0.066195598
fog/moderate/4520_2272H701_271_torchvision.jpg,0.029052654
fog/moderate/4520_2273H323_281_torchvision.jpg,0.055390027
fog/moderate/4520_2273X641_285_torchvision.jpg,0.063135914
fog/moderate/4520_2273Z691_286_torchvision.jpg,0.043971326
fog/moderate/4520_2273Z953_288_torchvision.jpg,0.049862437
fog/moderate/4520_2274C521_293_torchvision.jpg,0.083560619
fog/moderate/4520_2274C711_294_torchvision.jpg,0.03948067
fog/moderate/4520_2274D051_295_torchvision.jpg,0.111811246
fog/moderate/4520_2274Q121_301_torchvision.jpg,0.043991645
fog/moderate/4520_2275E033_316_torchvision.jpg,0.052239935
fog/moderate/4520_2275E151_319_torchvision.jpg,0.034695947
fog/moderate/4520_2275F241_322_torchvision.jpg,0.037201619
fog/moderate/4520_2276P041_338_torchvision.jpg,0.025167224
fog/moderate/4520_2277B023_343_torchvision.jpg,0.036506583
fog/moderate/4520_2364W042_360_torchvision.jpg,0.031877509
fog/moderate/4520_2364Y161_361_torchvision.jpg,0.03838804
fog/moderate/4520_2366P881_367_torchvision.jpg,0.040031352
fog/moderate/4520_2369H471_384_torchvision.jpg,0.034012908
fog/moderate/4520_2370A701_386_torchvision.jpg,0.043647089
fog/moderate/4520_2371P821_393_torchvision.jpg,0.046925591
fog/moderate/4520_2371S342_394_torchvision.jpg,0.033105853
fog/moderate/4520_2372A282_398_torchvision.jpg,0.055198861
fog/moderate/4520_2373A412_411_torchvision.jpg,0.05628869
fog/moderate/4520_2373A532_413_torchvision.jpg,0.036391642
fog/moderate/4520_2373R171_418_torchvision.jpg,0.013280933
fog/moderate/4520_2373R255_419_torchvision.jpg,0.036461366
fog/moderate/4520_2380Q153_441_torchvision.jpg,0.05487142
fog/moderate/4520_2380X651_443_torchvision.jpg,0.03905211
fog/moderate/4520_2381D272_445_torchvision.jpg,0.049590287
fog/moderate/4520_2381X371_447_torchvision.jpg,0.030082084
fog/moderate/4520_2381Y391_448_torchvision.jpg,0.061580979
fog/moderate/4520_2465C661_450_torchvision.jpg,0.037785228
fog/moderate/4520_2470D142_460_torchvision.jpg,0.043511378
fog/moderate/4520_2470Z851_468_torchvision.jpg,0.05005992
fog/moderate/4520_2479G352_482_torchvision.jpg,0.051079079
fog/moderate/4520_2479G651_483_torchvision.jpg,0.047053498
fog/moderate/4520_2479W462_486_torchvision.jpg,0.038248944
fog/moderate/4520_2578W741_513_torchvision.jpg,0.106888176
fog/moderate/4520_2580A271_517_torchvision.jpg,0.052453682
fog/moderate/4520_2580R831_520_torchvision.jpg,0.033741028
fog/moderate/4520_2581R981_522_torchvision.jpg,0.043445925
fog/moderate/4520_26712963_529_torchvision.jpg,0.036412166
fog/moderate/4520_26714081_532_torchvision.jpg,0.013293505
fog/moderate/4520_2678B561_533_torchvision.jpg,0.055726004
fog/moderate/4520_2680X621_540_torchvision.jpg,0.065302099
fog/moderate/4520_2775B111_550_torchvision.jpg,0.041431852
fog/moderate/4520_2873G711_563_torchvision.jpg,0.039887168
fog/moderate/4520_2976B021_576_torchvision.jpg,0.033726892
fog/moderate/4520_3076S741_581_torchvision.jpg,0.033246566
fog/moderate/4520_31721561_583_torchvision.jpg,0.036990715
fog/moderate/4520_3177D691_588_torchvision.jpg,0.044958593
fog/moderate/4592_8098E631_597_torchvision.jpg,0.060388186
fog/moderate/7815_1472E721_599_torchvision.jpg,0.057184344
fog/moderate/7815_1571F492_607_torchvision.jpg,0.042478286
fog/moderate/7815_1573P711_609_torchvision.jpg,0.060908486
fog/moderate/7815_1673F261_625_torchvision.jpg,0.027931427
fog/moderate/7815_1675Z631_634_torchvision.jpg,0.06159601
fog/moderate/7815_1677A421_637_torchvision.jpg,0.035637089
fog/moderate/7815_1770Q971_647_torchvision.jpg,0.015202757
fog/moderate/7815_1770W061_649_torchvision.jpg,0.08005799
fog/moderate/7815_1774H261_657_torchvision.jpg,0.078734829
fog/moderate/7815_1870D831_667_torchvision.jpg,0.026261261
fog/moderate/7815_1874H522_671_torchvision.jpg,0.04745058
fog/moderate/7815_1966F013_682_torchvision.jpg,0.035999413
fog/moderate/7815_19721234_691_torchvision.jpg,0.032632294
fog/moderate/7815_1974B083_695_torchvision.jpg,0.038147058
fog/moderate/7815_1976Q351_709_torchvision.jpg,0.088577536
fog/moderate/7815_2070C552_717_torchvision.jpg,0.028890482
fog/moderate/7815_2070P274_718_torchvision.jpg,0.029532281
fog/moderate/7815_2074A826_727_torchvision.jpg,0.032627913
fog/moderate/7815_2074A921_728_torchvision.jpg,0.038272608
fog/moderate/7815_2074E341_733_torchvision.jpg,0.054075874
fog/moderate/7815_2074F391_735_torchvision.jpg,0.036402315
fog/moderate/7815_2074P702_750_torchvision.jpg,0.049963865
fog/moderate/7815_2074Y361_757_torchvision.jpg,0.076397154
fog/moderate/7815_2074Y911_759_torchvision.jpg,0.053563759
fog/moderate/7815_2075B901_760_torchvision.jpg,0.045521398
fog/moderate/7815_2075F643_763_torchvision.jpg,0.03576483
fog/moderate/7815_2172S282_781_torchvision.jpg,0.024388795
fog/moderate/7815_2173G061_789_torchvision.jpg,0.027446833
fog/moderate/7815_2173H931_790_torchvision.jpg,0.039926461
fog/moderate/7815_2174A303_795_torchvision.jpg,0.03938624
fog/moderate/7815_2174B363_796_torchvision.jpg,0.022313142
fog/moderate/7815_2174S562_806_torchvision.jpg,0.055670313
fog/moderate/7815_2174Y872_813_torchvision.jpg,0.036169116
fog/moderate/7815_2175R432_820_torchvision.jpg,0.06984598
fog/moderate/7815_2175R671_823_torchvision.jpg,0.031358262
fog/moderate/7815_2175R732_824_torchvision.jpg,0.083680418
fog/moderate/7815_2175Y551_832_torchvision.jpg,0.047578125
fog/moderate/7815_2176R872_834_torchvision.jpg,0.059260415
rain/high/1578H763_20200409_OH01_DG06_2_10_torchvision.jpg,0.074357964
rain/high/1672D721_20200401_OH01_DG06_2_23_torchvision.jpg,0.056854846
rain/high/1673E672_20200416_OH01_DG06_2_3_torchvision.jpg,0.049024818
rain/high/1674Z413_20200416_OH01_DG06_2_8_torchvision.jpg,0.095121969
rain/high/1674Z812_20200416_OH01_DG06_2_21_torchvision.jpg,0.098247358
rain/high/1676Z713_20200403_OH01_DG06_2_18_torchvision.jpg,0.097391906
rain/high/1778D521_20200514_OH01_DG06_2_15_torchvision.jpg,0.070279996
rain/high/1778D551_20200514_OH01_DG06_2_5_torchvision.jpg,0.074668185
rain/high/1778P951_20200514_OH01_DG06_2_28_torchvision.jpg,0.060177993
rain/high/1970Y932_20200429_OH01_DG06_2_11_torchvision.jpg,0.057441283
rain/high/1974X582_20200513_OH01_DG06_2_14_torchvision.jpg,0.127011074
rain/high/1974X582_20200513_OH01_DG06_2_16_torchvision.jpg,0.047190241
rain/high/1974X882_20200513_OH01_DG06_2_9_torchvision.jpg,0.086081141
rain/high/1974X911_20200513_OH01_DG06_2_14_torchvision.jpg,0.055438761
rain/high/1974X911_20200513_OH01_DG06_2_6_torchvision.jpg,0.028542687
rain/high/1974X955_20200513_OH01_DG06_2_18_torchvision.jpg,0.059633925
rain/high/1974X955_20200513_OH01_DG06_2_19_torchvision.jpg,0.094465618
rain/high/2073A262_20200511_OH01_DG06_2_3_torchvision.jpg,0.106427945
rain/high/2073A262_20200511_OH01_DG06_2_4_torchvision.jpg,0.065172376
rain/high/2074D022_20200512_OH01_DG06_2_11_torchvision.jpg,0.056091343
rain/high/2074D022_20200512_OH01_DG06_2_4_torchvision.jpg,0.130807701
rain/high/2074D022_20200512_OH01_DG06_2_8_torchvision.jpg,0.071093198
rain/high/2074D093_20200512_OH01_DG06_2_4_torchvision.jpg,0.055140023
rain/high/2074D721_20200512_OH01_DG06_2_18_torchvision.jpg,0.120632044
rain/high/2074D721_20200512_OH01_DG06_2_4_torchvision.jpg,0.193331027
rain/high/2074D721_20200512_OH01_DG06_2_5_torchvision.jpg,0.082596007
rain/high/2074P282_20200512_OH01_DG06_2_26_torchvision.jpg,0.104393615
rain/high/2074P352_20200512_OH01_DG06_2_4_torchvision.jpg,0.065646913
rain/high/2074P352_20200512_OH01_DG06_2_41_torchvision.jpg,0.074510623
rain/high/2074P713_20200513_OH01_DG06_2_4_torchvision.jpg,0.077951189
rain/high/2074P713_20200513_OH01_DG06_2_5_torchvision.jpg,0.08942904
rain/high/2074P871_20200512_OH01_DG06_2_11_torchvision.jpg,0.048382188
rain/high/2074P871_20200512_OH01_DG06_2_12_torchvision.jpg,0.055117115
rain/high/2074P871_20200512_OH01_DG06_2_14_torchvision.jpg,0.054261981
rain/high/2075X451_20200507_OH01_DG06_2_17_torchvision.jpg,0.106268754
rain/high/2075X451_20200507_OH01_DG06_2_31_torchvision.jpg,0.057075841
rain/high/2273A652_20200506_OH01_DG06_2_21_torchvision.jpg,0.107692133
rain/high/4520_1579X551_178_torchvision.jpg,0.115386709
rain/high/4520_1978H273_187_torchvision.jpg,0.063179347
rain/high/4520_1978Y962_191_torchvision.jpg,0.059644187
rain/high/4520_21681512_211_torchvision.jpg,0.099877719
rain/high/4520_21683593_213_torchvision.jpg,0.033106327
rain/high/4520_2168Q751_215_torchvision.jpg,0.077024237
rain/high/4520_2175F581_222_torchvision.jpg,0.061281374
rain/high/4520_2176G121_225_torchvision.jpg,0.083923148
rain/high/4520_2176X122_231_torchvision.jpg,0.051806441
rain/high/4520_21771861_235_torchvision.jpg,0.1064945
rain/high/4520_2182Y522_242_torchvision.jpg,0.056605577
rain/high/4520_2268F473_251_torchvision.jpg,0.085435342
rain/high/4520_2269F011_258_torchvision.jpg,0.072872051
rain/high/4520_22702162_260_torchvision.jpg,0.033444133
rain/high/4520_2271W933_268_torchvision.jpg,0.094890819
rain/high/4520_2272H701_271_torchvision.jpg,0.117960015
rain/high/4520_2272X161_272_torchvision.jpg,0.081961059
rain/high/4520_2273E644_277_torchvision.jpg,0.109480985
rain/high/4520_2273Z691_286_torchvision.jpg,0.027416396
rain/high/4520_2274B861_291_torchvision.jpg,0.130466821
rain/high/4520_2274C711_294_torchvision.jpg,0.089609617
rain/high/4520_2274H741_300_torchvision.jpg,0.074279047
rain/high/4520_2275A121_308_torchvision.jpg,0.015042522
rain/high/4520_2275D502_314_torchvision.jpg,0.084899355
rain/high/4520_2275E097_317_torchvision.jpg,0.059457294
rain/high/4520_2275E122_318_torchvision.jpg,0.099299944
rain/high/4520_2275E273_320_torchvision.jpg,0.08168446
rain/high/4520_2275F241_322_torchvision.jpg,0.077222032
rain/high/4520_2276D734_336_torchvision.jpg,0.121232729
rain/high/4520_2276E571_337_torchvision.jpg,0.087068438
rain/high/4520_2277G901_345_torchvision.jpg,0.086302033
rain/high/4520_2364W003_359_torchvision.jpg,0.09841688
rain/high/4520_2366W642_368_torchvision.jpg,0.03260229
rain/high/4520_2367S991_371_torchvision.jpg,0.07182195
rain/high/4520_23682396_375_torchvision.jpg,0.056916744
rain/high/4520_23694133_381_torchvision.jpg,0.104682933
rain/high/4520_2370F141_388_torchvision.jpg,0.04026095
rain/high/4520_2371C902_391_torchvision.jpg,0.113904659
rain/high/4520_2372A001_396_torchvision.jpg,0.111101786
rain/high/4520_2372A463_399_torchvision.jpg,0.136226456
rain/high/4520_2372C342_401_torchvision.jpg,0.09729999
rain/high/4520_2372E661_403_torchvision.jpg,0.0399019
rain/high/4520_2373A412_411_torchvision.jpg,0.080870724
rain/high/4520_2373R255_419_torchvision.jpg,0.077866875
rain/high/4520_2374A201_423_torchvision.jpg,0.089219772
rain/high/4520_2375G742_432_torchvision.jpg,0.056185071
rain/high/4520_2378E812_437_torchvision.jpg,0.045089597
rain/high/4520_2381C753_444_torchvision.jpg,0.061107673
rain/high/4520_2469Q371_458_torchvision.jpg,0.075741665
rain/high/4520_2469X731_459_torchvision.jpg,0.109260453
rain/high/4520_2470R631_464_torchvision.jpg,0.158390062
rain/high/4520_2470S401_466_torchvision.jpg,0.0531586
rain/high/4520_2473P861_471_torchvision.jpg,0.157543432
rain/high/4520_2478X231_477_torchvision.jpg,0.091413879
rain/high/4520_2479C991_479_torchvision.jpg,0.117867078
rain/high/4520_2479D951_481_torchvision.jpg,0.140390279
rain/high/4520_2567P591_492_torchvision.jpg,0.062974454
rain/high/4520_2569P022_495_torchvision.jpg,0.049504302
rain/high/4520_2571H741_501_torchvision.jpg,0.039581039
rain/high/4520_26711721_525_torchvision.jpg,0.129140949
rain/high/4520_2680Q851_539_torchvision.jpg,0.119919394
rain/high/4520_2776W911_553_torchvision.jpg,0.040599375
rain/high/4520_2779Y122_558_torchvision.jpg,0.070723376
rain/high/4520_28732531_561_torchvision.jpg,0.055179854
rain/high/4520_2873G711_563_torchvision.jpg,0.091412042
rain/high/4520_2973A091_566_torchvision.jpg,0.046876114
rain/high/4520_2974S752_574_torchvision.jpg,0.095486481
rain/high/4520_2976B021_576_torchvision.jpg,0.108183196
rain/high/4592_7998E461_596_torchvision.jpg,0.075093228
rain/high/7815_1473Z411_602_torchvision.jpg,0.105551959
rain/high/7815_1571F492_607_torchvision.jpg,0.047017848
rain/high/7815_1673F901_626_torchvision.jpg,0.038395334
rain/high/7815_1673S341_628_torchvision.jpg,0.067799966
rain/high/7815_1673S521_629_torchvision.jpg,0.103558971
rain/high/7815_1676E351_636_torchvision.jpg,0.073922666
rain/high/7815_1677R182_639_torchvision.jpg,0.084441632
rain/high/7815_1770H151_646_torchvision.jpg,0.062173658
rain/high/7815_1771Y901_652_torchvision.jpg,0.0372785
rain/high/7815_1773A891_655_torchvision.jpg,0.02331068
rain/high/7815_1775G332_660_torchvision.jpg,0.036198824
rain/high/7815_1776G402_661_torchvision.jpg,0.090420382
rain/high/7815_1776R262_663_torchvision.jpg,0.046559353
rain/high/7815_1871P741_668_torchvision.jpg,0.058276954
rain/high/7815_1967E671_683_torchvision.jpg,0.052072244
rain/high/7815_1968B351_684_torchvision.jpg,0.087907564
rain/high/7815_1971G052_690_torchvision.jpg,0.086526222
rain/high/7815_1973R692_693_torchvision.jpg,0.117425184
rain/high/7815_1973W411_694_torchvision.jpg,0.070016203
rain/high/7815_1974F064_696_torchvision.jpg,0.089906535
rain/high/7815_1975Z891_707_torchvision.jpg,0.070613923
rain/high/7815_2068C701_714_torchvision.jpg,0.102617566
rain/high/7815_2074A826_727_torchvision.jpg,0.039098199
rain/high/7815_2074G763_742_torchvision.jpg,0.086402786
rain/high/7815_2074P002_748_torchvision.jpg,0.121279941
rain/high/7815_2074Y094_754_torchvision.jpg,0.090753012
rain/high/7815_2074Y331_756_torchvision.jpg,0.085576406
rain/high/7815_2075Z053_770_torchvision.jpg,0.053642854
rain/high/7815_2075Z801_773_torchvision.jpg,0.08381728
rain/high/7815_2075Z821_774_torchvision.jpg,0.061039168
rain/high/7815_2165D871_775_torchvision.jpg,0.09803155
rain/high/7815_2172E981_779_torchvision.jpg,0.088009541
rain/high/7815_2172G562_780_torchvision.jpg,0.103735111
rain/high/7815_2173F922_786_torchvision.jpg,0.066248859
rain/high/7815_2173F931_787_torchvision.jpg,0.087938735
rain/high/7815_2174W552_808_torchvision.jpg,0.066578192
rain/high/7815_2174W743_809_torchvision.jpg,0.047738544
rain/high/7815_2175G052_817_torchvision.jpg,0.107877626
rain/high/7815_2175Q441_819_torchvision.jpg,0.059814849
rain/high/7815_2175R671_823_torchvision.jpg,0.04668558
rain/high/7815_2175Y551_832_torchvision.jpg,0.058028661
rain/high/7815_2272E381_835_torchvision.jpg,0.043274247
rain/high/7815_2273A963_836_torchvision.jpg,0.100796026
rain/high/7815_2273B233_837_torchvision.jpg,0.070114581
rain/high/7815_2273B242_838_torchvision.jpg,0.03640509
rain/high/7815_2273D281_844_torchvision.jpg,0.080839778
rain/light/1578H763_20200409_OH01_DG06_2_9_torchvision.jpg,0.040244348
rain/light/1578X721_20200409_OH01_DG06_2_26_torchvision.jpg,0.108203461
rain/light/1672B291_20200401_OH01_DG06_2_14_torchvision.jpg,0.033941198
rain/light/1672D721_20200401_OH01_DG06_2_8_torchvision.jpg,0.025505503
rain/light/1674Z011_20200416_OH01_DG06_2_17_torchvision.jpg,0.069686612
rain/light/1674Z413_20200416_OH01_DG06_2_7_torchvision.jpg,0.115472555
rain/light/1676Z713_20200403_OH01_DG06_2_21_torchvision.jpg,0.04599163
rain/light/1678F614_20200514_OH01_DG06_2_27_torchvision.jpg,0.044729454
rain/light/1678H971_20200514_OH01_DG06_2_32_torchvision.jpg,0.032363505
rain/light/1679R341_20200409_OH01_DG06_2_13_torchvision.jpg,0.331730647
rain/light/1679R341_20200409_OH01_DG06_2_30_torchvision.jpg,0.012593278
rain/light/1773A891_20200416_OH01_DG06_2_21_torchvision.jpg,0.062719297
rain/light/1970Y932_20200429_OH01_DG06_2_3_torchvision.jpg,0.021087002
rain/light/1974E431_20200402_OH01_DG06_2_17_torchvision.jpg,0.062039859
rain/light/1974E431_20200402_OH01_DG06_2_20_torchvision.jpg,0.049733966
rain/light/1974E431_20200402_OH01_DG06_2_21_torchvision.jpg,0.064393659
rain/light/1974H803_20200513_OH01_DG06_2_1_torchvision.jpg,0.031631583
rain/light/1974X911_20200513_OH01_DG06_2_16_torchvision.jpg,0.079565892
rain/light/1974X955_20200513_OH01_DG06_2_18_torchvision.jpg,0.017281104
rain/light/1974Z931_20200513_OH01_DG06_2_10_torchvision.jpg,0.043963956
rain/light/2074A921_20200512_OH01_DG06_2_25_torchvision.jpg,0.093754333
rain/light/2074D022_20200512_OH01_DG06_2_14_torchvision.jpg,0.064540406
rain/light/2074D022_20200512_OH01_DG06_2_3_torchvision.jpg,0.067058084
rain/light/2074D093_20200512_OH01_DG06_2_13_torchvision.jpg,0.080550331
rain/light/2074D093_20200512_OH01_DG06_2_14_torchvision.jpg,0.075142642
rain/light/2074D131_20200512_OH01_DG06_2_3_torchvision.jpg,0.034820922
rain/light/2074D721_20200512_OH01_DG06_2_4_torchvision.jpg,0.027290483
rain/light/2074P352_20200512_OH01_DG06_2_17_torchvision.jpg,0.011162505
rain/light/2074P352_20200512_OH01_DG06_2_41_torchvision.jpg,0.016708469
rain/light/2074P352_20200512_OH01_DG06_2_8_torchvision.jpg,0.042491828
rain/light/2074P871_20200512_OH01_DG06_2_11_torchvision.jpg,0.02545263
rain/light/2074P871_20200512_OH01_DG06_2_14_torchvision.jpg,0.020895897
rain/light/2074P871_20200512_OH01_DG06_2_15_torchvision.jpg,0.030803804
rain/light/2074P871_20200512_OH01_DG06_2_16_torchvision.jpg,0.029360736
rain/light/2074P871_20200512_OH01_DG06_2_9_torchvision.jpg,0.051819223
rain/light/4520_1679Z341_181_torchvision.jpg,0.030334688
rain/light/4520_1978Y962_191_torchvision.jpg,0.057049441
rain/light/4520_2068X471_193_torchvision.jpg,0.061806683
rain/light/4520_2078H441_195_torchvision.jpg,0.043478186
rain/light/4520_2079E353_199_torchvision.jpg,0.059511171
rain/light/4520_2080E752_205_torchvision.jpg,0.066528047
rain/light/4520_2080X623_209_torchvision.jpg,0.066183627
rain/light/4520_2176G121_225_torchvision.jpg,0.044640764
rain/light/4520_22671862_246_torchvision.jpg,0.048794484
rain/light/4520_2267F091_247_torchvision.jpg,0.044783476
rain/light/4520_2269G091_259_torchvision.jpg,0.088181152
rain/light/4520_2270H831_261_torchvision.jpg,0.060244195
rain/light/4520_2272H701_271_torchvision.jpg,0.066085573
rain/light/4520_2274B951_292_torchvision.jpg,0.103694172
rain/light/4520_2274C521_293_torchvision.jpg,0.052766205
rain/light/4520_2274H202_299_torchvision.jpg,0.065694041
rain/light/4520_2275Q396_327_torchvision.jpg,0.054744091
rain/light/4520_2276C871_333_torchvision.jpg,0.053461689
rain/light/4520_2276S831_340_torchvision.jpg,0.065725962
rain/light/4520_2277F971_344_torchvision.jpg,0.049380446
rain/light/4520_2277Z171_349_torchvision.jpg,0.079882918
rain/light/4520_2278P901_354_torchvision.jpg,0.059587533
rain/light/4520_23684192_377_torchvision.jpg,0.04017781
rain/light/4520_2368A871_378_torchvision.jpg,0.06782805
rain/light/4520_2370P932_389_torchvision.jpg,0.091877536
rain/light/4520_2371S342_394_torchvision.jpg,0.0771809
rain/light/4520_2371S581_395_torchvision.jpg,0.053193904
rain/light/4520_2372A131_397_torchvision.jpg,0.051010797
rain/light/4520_2372E661_403_torchvision.jpg,0.048354833
rain/light/4520_2372R803_406_torchvision.jpg,0.027488396
rain/light/4520_2372R811_407_torchvision.jpg,0.051474313
rain/light/4520_2373A531_412_torchvision.jpg,0.016297466
rain/light/4520_2373Q203_416_torchvision.jpg,0.051967056
rain/light/4520_2374C072_424_torchvision.jpg,0.083712826
rain/light/4520_2374H462_426_torchvision.jpg,0.043979098
rain/light/4520_2375G742_432_torchvision.jpg,0.049467803
rain/light/4520_2377B281_433_torchvision.jpg,0.049046548
rain/light/4520_2377P793_436_torchvision.jpg,0.063590136
rain/light/4520_2380S391_442_torchvision.jpg,0.071329645
rain/light/4520_2381Q591_446_torchvision.jpg,0.03524376
rain/light/4520_2466Q872_452_torchvision.jpg,0.110106455
rain/light/4520_2470D872_461_torchvision.jpg,0.054132008
rain/light/4520_2473P841_470_torchvision.jpg,0.08909232
rain/light/4520_2478X071_476_torchvision.jpg,0.076063367
rain/light/4520_2479D852_480_torchvision.jpg,0.043949128
rain/light/4520_2479G651_483_torchvision.jpg,0.060534757
rain/light/4520_2480H951_488_torchvision.jpg,0.062261164
rain/light/4520_25693893_494_torchvision.jpg,0.04260948
rain/light/4520_2577A732_508_torchvision.jpg,0.047915745
rain/light/4520_2580A271_517_torchvision.jpg,0.058479242
rain/light/4520_2680Q851_539_torchvision.jpg,0.090698307
rain/light/4520_27713562_543_torchvision.jpg,0.022533364
rain/light/4520_2779Q231_557_torchvision.jpg,0.077853689
rain/light/4520_2974F161_569_torchvision.jpg,0.048866432
rain/light/4520_2974H691_572_torchvision.jpg,0.091730015
rain/light/4520_2976R491_579_torchvision.jpg,0.056257314
rain/light/4520_3178S232_589_torchvision.jpg,0.035083016
rain/light/4592_7998A981_594_torchvision.jpg,0.047743584
rain/light/4592_7998E272_595_torchvision.jpg,0.025831045
rain/light/7815_1573P882_610_torchvision.jpg,0.035139619
rain/light/7815_1574H882_612_torchvision.jpg,0.059787156
rain/light/7815_1577G301_619_torchvision.jpg,0.090988569
rain/light/7815_1675D851_632_torchvision.jpg,0.051680368
rain/light/7815_1675W871_633_torchvision.jpg,0.056968954
rain/light/7815_1676C032_635_torchvision.jpg,0.047337557
rain/light/7815_1677A421_637_torchvision.jpg,0.042165582
rain/light/7815_1770Q971_647_torchvision.jpg,0.078791908
rain/light/7815_1771Y901_652_torchvision.jpg,0.006056594
rain/light/7815_1774H261_657_torchvision.jpg,0.081376657
rain/light/7815_1776G402_661_torchvision.jpg,0.033435368
rain/light/7815_1964E441_678_torchvision.jpg,0.072601232
rain/light/7815_1965E501_680_torchvision.jpg,0.059465837
rain/light/7815_1969H751_685_torchvision.jpg,0.049883699
rain/light/7815_1970X023_687_torchvision.jpg,0.043665603
rain/light/7815_1970Z891_689_torchvision.jpg,0.052222257
rain/light/7815_1971G052_690_torchvision.jpg,0.055471664
rain/light/7815_1973W411_694_torchvision.jpg,0.05367815
rain/light/7815_1974F064_696_torchvision.jpg,0.031923604
rain/light/7815_1975E191_704_torchvision.jpg,0.062042536
rain/light/7815_1975Z891_706_torchvision.jpg,0.03162196
rain/light/7815_1975Z891_707_torchvision.jpg,0.049059568
rain/light/7815_2073Y691_726_torchvision.jpg,0.049592282
rain/light/7815_2074H213_744_torchvision.jpg,0.041987672
rain/light/7815_2074R111_752_torchvision.jpg,0.013812651
rain/light/7815_2075Q982_764_torchvision.jpg,0.012896116
rain/light/7815_2075S791_766_torchvision.jpg,0.029467421
rain/light/7815_2170Q212_776_torchvision.jpg,0.05146441
rain/light/7815_2171C641_777_torchvision.jpg,0.0739532
rain/light/7815_2172W931_783_torchvision.jpg,0.053255275
rain/light/7815_2173X852_791_torchvision.jpg,0.057619396
rain/light/7815_2174A062_794_torchvision.jpg,0.048664803
rain/light/7815_2174C122_797_torchvision.jpg,0.050822991
rain/light/7815_2174F741_802_torchvision.jpg,0.061097759
rain/light/7815_2174S562_806_torchvision.jpg,0.045512625
rain/light/7815_2174Y851_812_torchvision.jpg,0.064492983
rain/light/7815_2174Y872_813_torchvision.jpg,0.049429545
rain/light/7815_2174Z772_815_torchvision.jpg,0.051478101
rain/light/7815_2175B461_816_torchvision.jpg,0.051093358
rain/light/7815_2175Q441_819_torchvision.jpg,0.05675021
rain/light/7815_2175R641_821_torchvision.jpg,0.043519989
rain/light/7815_2175X191_830_torchvision.jpg,0.040020341
rain/light/7815_2175Y551_832_torchvision.jpg,0.010017458
rain/light/7815_2273C951_843_torchvision.jpg,0.041753333
rain/moderate/1673E672_20200416_OH01_DG06_2_3_torchvision.jpg,0.053639847
rain/moderate/1678H971_20200514_OH01_DG06_2_32_torchvision.jpg,0.086153513
rain/moderate/1679R341_20200409_OH01_DG06_2_30_torchvision.jpg,0.05430554
rain/moderate/1775A532_20200403_OH01_DG06_2_19_torchvision.jpg,0.027112974
rain/moderate/1775D301_20200403_OH01_DG06_2_20_torchvision.jpg,0.09107583
rain/moderate/1775D821_20200403_OH01_DG06_2_17_torchvision.jpg,0.070870874
rain/moderate/1778D521_20200514_OH01_DG06_2_15_torchvision.jpg,0.060284885
rain/moderate/1778S292_20200514_OH01_DG06_2_7_torchvision.jpg,0.108103637
rain/moderate/1970Y932_20200429_OH01_DG06_2_6_torchvision.jpg,0.048576953
rain/moderate/1974X582_20200513_OH01_DG06_2_16_torchvision.jpg,0.062077893
rain/moderate/1974X582_20200513_OH01_DG06_2_30_torchvision.jpg,0.067635974
rain/moderate/1974X882_20200513_OH01_DG06_2_21_torchvision.jpg,0.087743886
rain/moderate/1974X882_20200513_OH01_DG06_2_9_torchvision.jpg,0.09936512
rain/moderate/1974X943_20200513_OH01_DG06_2_4_torchvision.jpg,0.05678522
rain/moderate/1974X955_20200513_OH01_DG06_2_18_torchvision.jpg,0.058183262
rain/moderate/1974X955_20200513_OH01_DG06_2_19_torchvision.jpg,0.02978274
rain/moderate/1974Z931_20200513_OH01_DG06_2_9_torchvision.jpg,0.056390853
rain/moderate/2074A464_20200512_OH01_DG06_2_22_torchvision.jpg,0.077383643
rain/moderate/2074D021_20200512_OH01_DG06_2_1_torchvision.jpg,0.053596872
rain/moderate/2074D131_20200512_OH01_DG06_2_3_torchvision.jpg,0.050395775
rain/moderate/2074D721_20200512_OH01_DG06_2_17_torchvision.jpg,0.109788042
rain/moderate/2074D721_20200512_OH01_DG06_2_19_torchvision.jpg,0.077827731
rain/moderate/2074P282_20200512_OH01_DG06_2_30_torchvision.jpg,0.122992603
rain/moderate/2074P282_20200512_OH01_DG06_2_31_torchvision.jpg,0.081620429
rain/moderate/2074P352_20200512_OH01_DG06_2_19_torchvision.jpg,0.11830748
rain/moderate/2074P352_20200512_OH01_DG06_2_21_torchvision.jpg,0.069125814
rain/moderate/2074P352_20200512_OH01_DG06_2_40_torchvision.jpg,0.075981665
rain/moderate/2074P352_20200512_OH01_DG06_2_5_torchvision.jpg,0.057515454
rain/moderate/2074P713_20200513_OH01_DG06_2_5_torchvision.jpg,0.071126492
rain/moderate/2074P871_20200512_OH01_DG06_2_14_torchvision.jpg,0.044757036
rain/moderate/2074P871_20200512_OH01_DG06_2_9_torchvision.jpg,0.079550124
rain/moderate/2075X451_20200507_OH01_DG06_2_31_torchvision.jpg,0.088964488
rain/moderate/4520_1679S541_180_torchvision.jpg,0.111399019
rain/moderate/4520_1679Z581_182_torchvision.jpg,0.070274434
rain/moderate/4520_1680Z272_183_torchvision.jpg,0.063541795
rain/moderate/4520_18792271_184_torchvision.jpg,0.062037353
rain/moderate/4520_2079E353_199_torchvision.jpg,0.064287603
rain/moderate/4520_2079R992_200_torchvision.jpg,0.046504954
rain/moderate/4520_2081H482_210_torchvision.jpg,0.047553528
rain/moderate/4520_2168Q362_214_torchvision.jpg,0.066282895
rain/moderate/4520_2169S642_216_torchvision.jpg,0.047935992
rain/moderate/4520_2171Y184_218_torchvision.jpg,0.070921774
rain/moderate/4520_2176E201_224_torchvision.jpg,0.045682424
rain/moderate/4520_2177R382_237_torchvision.jpg,0.090762146
rain/moderate/4520_2266B001_245_torchvision.jpg,0.047695326
rain/moderate/4520_22683991_250_torchvision.jpg,0.059911396
rain/moderate/4520_2268Y481_255_torchvision.jpg,0.071617388
rain/moderate/4520_2270S501_262_torchvision.jpg,0.108803826
rain/moderate/4520_2271Q031_267_torchvision.jpg,0.080570771
rain/moderate/4520_2273H414_282_torchvision.jpg,0.04882333
rain/moderate/4520_2274B861_291_torchvision.jpg,0.091878417
rain/moderate/4520_2274B951_292_torchvision.jpg,0.070523551
rain/moderate/4520_2274H202_299_torchvision.jpg,0.075120911
rain/moderate/4520_2274H741_300_torchvision.jpg,0.120659377
rain/moderate/4520_2274Q961_305_torchvision.jpg,0.094276138
rain/moderate/4520_2275D501_313_torchvision.jpg,0.061433126
rain/moderate/4520_2275E033_316_torchvision.jpg,0.097989804
rain/moderate/4520_2275E122_318_torchvision.jpg,0.0636458
rain/moderate/4520_2275E273_320_torchvision.jpg,0.053265743
rain/moderate/4520_2275S251_330_torchvision.jpg,0.074991396
rain/moderate/4520_2277G901_345_torchvision.jpg,0.079531868
rain/moderate/4520_2278P901_354_torchvision.jpg,0.082589555
rain/moderate/4520_2363S391_358_torchvision.jpg,0.075411664
rain/moderate/4520_2365Y161_364_torchvision.jpg,0.052637524
rain/moderate/4520_23672984_370_torchvision.jpg,0.059467545
rain/moderate/4520_2370B282_387_torchvision.jpg,0.040573198
rain/moderate/4520_2370P932_389_torchvision.jpg,0.108852876
rain/moderate/4520_2372A463_399_torchvision.jpg,0.105829176
rain/moderate/4520_2372C181_400_torchvision.jpg,0.12136945
rain/moderate/4520_2372R803_406_torchvision.jpg,0.10912111
rain/moderate/4520_2373A683_414_torchvision.jpg,0.079653413
rain/moderate/4520_2373Q203_416_torchvision.jpg,0.09358279
rain/moderate/4520_2373R063_417_torchvision.jpg,0.02896941
rain/moderate/4520_2373R171_418_torchvision.jpg,0.05892529
rain/moderate/4520_2373S911_422_torchvision.jpg,0.073569341
rain/moderate/4520_2374F961_425_torchvision.jpg,0.091024497
rain/moderate/4520_2374H462_426_torchvision.jpg,0.070131566
rain/moderate/4520_2377B281_433_torchvision.jpg,0.084838248
rain/moderate/4520_2378E921_438_torchvision.jpg,0.05838874
rain/moderate/4520_2466Q202_451_torchvision.jpg,0.090865123
rain/moderate/4520_2466Q872_452_torchvision.jpg,0.093343777
rain/moderate/4520_2474S552_472_torchvision.jpg,0.095917034
rain/moderate/4520_2479D951_481_torchvision.jpg,0.106282975
rain/moderate/4520_2479G352_482_torchvision.jpg,0.085619523
rain/moderate/4520_2576X221_507_torchvision.jpg,0.069050072
rain/moderate/4520_2577A732_508_torchvision.jpg,0.081987301
rain/moderate/4520_2580X461_521_torchvision.jpg,0.073414131
rain/moderate/4520_26712953_528_torchvision.jpg,0.131218949
rain/moderate/4520_26714081_532_torchvision.jpg,0.070142287
rain/moderate/4520_2679G504_536_torchvision.jpg,0.077492865
rain/moderate/4520_2680Q851_539_torchvision.jpg,0.12226735
rain/moderate/4520_27724082_545_torchvision.jpg,0.071043342
rain/moderate/4520_27724442_546_torchvision.jpg,0.072344454
rain/moderate/4520_2774Z961_549_torchvision.jpg,0.103903267
rain/moderate/4520_28721031_559_torchvision.jpg,0.099004572
rain/moderate/4520_28733422_562_torchvision.jpg,0.020248213
rain/moderate/4520_2973C141_567_torchvision.jpg,0.123676652
rain/moderate/4520_2974F161_569_torchvision.jpg,0.0889549
rain/moderate/4520_2974H691_572_torchvision.jpg,0.107371307
rain/moderate/4520_2976B021_576_torchvision.jpg,0.095856482
rain/moderate/4520_3173R801_585_torchvision.jpg,0.03944049
rain/moderate/4592_7998E272_595_torchvision.jpg,0.071426827
rain/moderate/7815_1575E181_614_torchvision.jpg,0.056539256
rain/moderate/7815_1576Y911_617_torchvision.jpg,0.047725996
rain/moderate/7815_1675D851_632_torchvision.jpg,0.082096121
rain/moderate/7815_1676C032_635_torchvision.jpg,0.063186302
rain/moderate/7815_1676E351_636_torchvision.jpg,0.074692395
rain/moderate/7815_1677X752_641_torchvision.jpg,0.031614349
rain/moderate/7815_1678P861_642_torchvision.jpg,0.090807598
rain/moderate/7815_1770G401_644_torchvision.jpg,0.063517777
rain/moderate/7815_1770Q971_647_torchvision.jpg,0.057052532
rain/moderate/7815_17714084_650_torchvision.jpg,0.114652655
rain/moderate/7815_1771C021_651_torchvision.jpg,0.065911992
rain/moderate/7815_1774H261_657_torchvision.jpg,0.111621212
rain/moderate/7815_1775D511_658_torchvision.jpg,0.094913663
rain/moderate/7815_1776G402_661_torchvision.jpg,0.039893291
rain/moderate/7815_1776R262_662_torchvision.jpg,0.055991494
rain/moderate/7815_1875A971_674_torchvision.jpg,0.110288112
rain/moderate/7815_1972H971_692_torchvision.jpg,0.141252231
rain/moderate/7815_1974B083_695_torchvision.jpg,0.083972464
rain/moderate/7815_1974Y191_699_torchvision.jpg,0.051584268
rain/moderate/7815_1974Y687_700_torchvision.jpg,0.078960176
rain/moderate/7815_1975S326_705_torchvision.jpg,0.064474815
rain/moderate/7815_1975Z891_706_torchvision.jpg,0.045269598
rain/moderate/7815_2068C701_714_torchvision.jpg,0.076016816
rain/moderate/7815_2073A262_721_torchvision.jpg,0.096338608
rain/moderate/7815_2073Y691_726_torchvision.jpg,0.082324591
rain/moderate/7815_2074G372_739_torchvision.jpg,0.0555938
rain/moderate/7815_2074G752_741_torchvision.jpg,0.073874977
rain/moderate/7815_2074Y094_754_torchvision.jpg,0.083380699
rain/moderate/7815_2075E523_762_torchvision.jpg,0.073329435
rain/moderate/7815_2075Z821_774_torchvision.jpg,0.060532654
rain/moderate/7815_2170Q212_776_torchvision.jpg,0.054414979
rain/moderate/7815_2172G562_780_torchvision.jpg,0.101615316
rain/moderate/7815_2173F922_786_torchvision.jpg,0.073635886
rain/moderate/7815_2174A303_795_torchvision.jpg,0.10136052
rain/moderate/7815_2174C644_800_torchvision.jpg,0.066924041
rain/moderate/7815_2174D012_801_torchvision.jpg,0.08894699
rain/moderate/7815_2174F741_802_torchvision.jpg,0.061773796
rain/moderate/7815_2174H091_803_torchvision.jpg,0.082385921
rain/moderate/7815_2175R782_825_torchvision.jpg,0.029124604
snow/high/1578X721_20200409_OH01_DG06_2_27_torchvision.jpg,0.022245674
snow/high/1674Z011_20200416_OH01_DG06_2_17_torchvision.jpg,0.054129882
snow/high/1775D821_20200403_OH01_DG06_2_12_torchvision.jpg,0.006592292
snow/high/1970Y932_20200429_OH01_DG06_2_13_torchvision.jpg,0.014797636
snow/high/1974E431_20200402_OH01_DG06_2_17_torchvision.jpg,0.012242356
snow/high/1974X882_20200513_OH01_DG06_2_3_torchvision.jpg,0.059806842
snow/high/1974Z931_20200513_OH01_DG06_2_11_torchvision.jpg,0.029927646
snow/high/2074A921_20200512_OH01_DG06_2_25_torchvision.jpg,0.035233901
snow/high/2074D022_20200512_OH01_DG06_2_10_torchvision.jpg,0.0329865
snow/high/2074D022_20200512_OH01_DG06_2_14_torchvision.jpg,0.004811798
snow/high/2074D093_20200512_OH01_DG06_2_12_torchvision.jpg,0.015295993
snow/high/2074D093_20200512_OH01_DG06_2_3_torchvision.jpg,0.017347857
snow/high/2074D131_20200512_OH01_DG06_2_3_torchvision.jpg,0.019202696
snow/high/2074P332_20200512_OH01_DG06_2_19_torchvision.jpg,0.014795956
snow/high/2074P332_20200512_OH01_DG06_2_21_torchvision.jpg,0.03669614
snow/high/2074P352_20200512_OH01_DG06_2_4_torchvision.jpg,0.032964074
snow/high/2074P352_20200512_OH01_DG06_2_40_torchvision.jpg,0.009003237
snow/high/2074P352_20200512_OH01_DG06_2_42_torchvision.jpg,0.01130496
snow/high/2074P352_20200512_OH01_DG06_2_8_torchvision.jpg,0.004679558
snow/high/2074P713_20200513_OH01_DG06_2_31_torchvision.jpg,0.01368222
snow/high/2074P871_20200512_OH01_DG06_2_9_torchvision.jpg,0.007148966
snow/high/2075X451_20200507_OH01_DG06_2_17_torchvision.jpg,0.031311563
snow/high/2174H163_20200512_OH01_DG06_2_6_torchvision.jpg,0.04734426
snow/high/4520_1679H301_179_torchvision.jpg,0.027260414
snow/high/4520_18792271_184_torchvision.jpg,0.020823947
snow/high/4520_1978H351_188_torchvision.jpg,0.054518855
snow/high/4520_2078H441_195_torchvision.jpg,0.024380511
snow/high/4520_2079E353_199_torchvision.jpg,0.035204111
snow/high/4520_2079X191_202_torchvision.jpg,0.018946807
snow/high/4520_2080X491_208_torchvision.jpg,0.045914826
snow/high/4520_21683593_213_torchvision.jpg,0.021180854
snow/high/4520_2169S642_216_torchvision.jpg,0.020718474
snow/high/4520_2175E771_220_torchvision.jpg,0.0209586
snow/high/4520_2175F902_223_torchvision.jpg,0.03560518
snow/high/4520_2176W421_228_torchvision.jpg,0.048753861
snow/high/4520_2176X122_231_torchvision.jpg,0.016658716
snow/high/4520_2177P232_236_torchvision.jpg,0.022608949
snow/high/4520_2180D691_240_torchvision.jpg,0.029604311
snow/high/4520_2267G412_248_torchvision.jpg,0.031480708
snow/high/4520_22683991_250_torchvision.jpg,0.01310345
snow/high/4520_22702162_260_torchvision.jpg,0.020778008
snow/high/4520_2271P641_265_torchvision.jpg,0.042475553
snow/high/4520_2272X161_272_torchvision.jpg,0.017620157
snow/high/4520_2273G921_278_torchvision.jpg,0.028053067
snow/high/4520_2273H414_282_torchvision.jpg,0.015272924
snow/high/4520_2273X641_285_torchvision.jpg,0.029261084
snow/high/4520_2274Q952_304_torchvision.jpg,0.021709555
snow/high/4520_2274W692_306_torchvision.jpg,0.036357141
snow/high/4520_2275E097_317_torchvision.jpg,0.00933737
snow/high/4520_2275Q151_326_torchvision.jpg,0.028855224
snow/high/4520_2276C871_333_torchvision.jpg,0.020762536
snow/high/4520_2276E571_337_torchvision.jpg,0.02904677
snow/high/4520_2277A111_342_torchvision.jpg,0.028912529
snow/high/4520_2277Y402_346_torchvision.jpg,0.01499841
snow/high/4520_2277Z161_348_torchvision.jpg,0.029104281
snow/high/4520_2278X322_355_torchvision.jpg,0.027948403
snow/high/4520_2280F331_357_torchvision.jpg,0.018384314
snow/high/4520_2365H841_362_torchvision.jpg,0.00857081
snow/high/4520_2366P871_366_torchvision.jpg,0.005006002
snow/high/4520_23682396_375_torchvision.jpg,0.007355373
snow/high/4520_2368A871_378_torchvision.jpg,0.033343396
snow/high/4520_2370B282_387_torchvision.jpg,0.012267512
snow/high/4520_2372C181_400_torchvision.jpg,0.062922325
snow/high/4520_2374A201_423_torchvision.jpg,0.02798233
snow/high/4520_2374C072_424_torchvision.jpg,0.021197778
snow/high/4520_2380S391_442_torchvision.jpg,0.04222824
snow/high/4520_2465C661_450_torchvision.jpg,0.028133
snow/high/4520_2466Q202_451_torchvision.jpg,0.023544055
snow/high/4520_2468G281_456_torchvision.jpg,0.040766881
snow/high/4520_2470G833_462_torchvision.jpg,0.030950153
snow/high/4520_2470S401_466_torchvision.jpg,0.012779061
snow/high/4520_2470W531_467_torchvision.jpg,0.023864696
snow/high/4520_2470Z861_469_torchvision.jpg,0.050639189
snow/high/4520_2479G651_483_torchvision.jpg,0.017096988
snow/high/4520_2480H951_488_torchvision.jpg,0.017121967
snow/high/4520_2480X523_490_torchvision.jpg,0.021693313
snow/high/4520_2573A082_503_torchvision.jpg,0.052748717
snow/high/4520_2576X221_507_torchvision.jpg,0.021551923
snow/high/4520_26711612_524_torchvision.jpg,0.038855981
snow/high/4520_26713082_530_torchvision.jpg,0.012786401
snow/high/4520_2681Y451_541_torchvision.jpg,0.013395499
snow/high/4520_2770A032_542_torchvision.jpg,0.016821249
snow/high/4520_27724082_545_torchvision.jpg,0.043075102
snow/high/4520_2775W151_551_torchvision.jpg,0.009133338
snow/high/4520_2974F291_570_torchvision.jpg,0.024472056
snow/high/4520_2974S752_574_torchvision.jpg,0.0318358
snow/high/4520_31734582_584_torchvision.jpg,0.044400456
snow/high/4520_3175A271_586_torchvision.jpg,0.039289202
snow/high/7815_1472F931_600_torchvision.jpg,0.053594921
snow/high/7815_1473Z411_602_torchvision.jpg,0.025842622
snow/high/7815_1571F492_607_torchvision.jpg,0.020537255
snow/high/7815_1575Y463_616_torchvision.jpg,0.019864938
snow/high/7815_1576Y911_617_torchvision.jpg,0.007443785
snow/high/7815_1674G721_630_torchvision.jpg,0.032226727
snow/high/7815_1676C032_635_torchvision.jpg,0.005664528
snow/high/7815_1676E351_636_torchvision.jpg,0.032642632
snow/high/7815_1677S221_640_torchvision.jpg,0.039988367
snow/high/7815_1678P861_642_torchvision.jpg,0.053360167
snow/high/7815_1770G201_643_torchvision.jpg,0.032160848
snow/high/7815_17714084_650_torchvision.jpg,0.041437431
snow/high/7815_1771Y901_652_torchvision.jpg,0.014343126
snow/high/7815_1774H261_657_torchvision.jpg,0.064497919
snow/high/7815_1776R262_662_torchvision.jpg,0.021601026
snow/high/7815_1776R262_663_torchvision.jpg,0.028806789
snow/high/7815_18692902_666_torchvision.jpg,0.035289972
snow/high/7815_1870D831_667_torchvision.jpg,0.004647108
snow/high/7815_1874H522_671_torchvision.jpg,0.005939996
snow/high/7815_1874H961_673_torchvision.jpg,0.052976876
snow/high/7815_1875D311_676_torchvision.jpg,0.021910951
snow/high/7815_1966F013_682_torchvision.jpg,0.018659549
snow/high/7815_1967E671_683_torchvision.jpg,0.007516534
snow/high/7815_1974F064_696_torchvision.jpg,0.006717921
snow/high/7815_1975S326_705_torchvision.jpg,0.022791731
snow/high/7815_1975Z891_707_torchvision.jpg,0.036950285
snow/high/7815_2065C261_712_torchvision.jpg,0.015179263
snow/high/7815_2068C701_714_torchvision.jpg,0.007287347
snow/high/7815_2071X121_719_torchvision.jpg,0.046122015
snow/high/7815_2073A262_721_torchvision.jpg,0.047918293
snow/high/7815_2074E341_733_torchvision.jpg,0.029388163
snow/high/7815_2074H233_745_torchvision.jpg,0.016812
snow/high/7815_2074P693_749_torchvision.jpg,0.042186822
snow/high/7815_2074P702_750_torchvision.jpg,0.037829115
snow/high/7815_2075F643_763_torchvision.jpg,0.018921962
snow/high/7815_2075X651_769_torchvision.jpg,0.013007808
snow/high/7815_2172W931_783_torchvision.jpg,0.019150222
snow/high/7815_2173X932_792_torchvision.jpg,0.0109084
snow/high/7815_2174A001_793_torchvision.jpg,0.024106588
snow/high/7815_2174C131_798_torchvision.jpg,0.026093863
snow/high/7815_2174F741_802_torchvision.jpg,0.021070984
snow/high/7815_2174X231_810_torchvision.jpg,0.008103267
snow/high/7815_2175B461_816_torchvision.jpg,0.013904129
snow/high/7815_2175G052_817_torchvision.jpg,0.026254642
snow/high/7815_2175Q441_819_torchvision.jpg,0.017851378
snow/high/7815_2175R671_823_torchvision.jpg,0.006523974
snow/high/7815_2175R782_825_torchvision.jpg,0.006448697
snow/high/7815_2273D281_844_torchvision.jpg,0.007786098
snow/light/1672B291_20200401_OH01_DG06_2_18_torchvision.jpg,0.020855263
snow/light/1672D721_20200401_OH01_DG06_2_24_torchvision.jpg,0.0196846
snow/light/1674Z011_20200416_OH01_DG06_2_13_torchvision.jpg,0.012533961
snow/light/1674Z812_20200416_OH01_DG06_2_21_torchvision.jpg,0.061430209
snow/light/1674Z812_20200416_OH01_DG06_2_25_torchvision.jpg,0.00768284
snow/light/1679R341_20200409_OH01_DG06_2_11_torchvision.jpg,0.032461322
snow/light/1679R341_20200409_OH01_DG06_2_12_torchvision.jpg,0.049816928
snow/light/1775A532_20200403_OH01_DG06_2_19_torchvision.jpg,0.011508238
snow/light/1775D301_20200403_OH01_DG06_2_15_torchvision.jpg,0.033763488
snow/light/1775D821_20200403_OH01_DG06_2_12_torchvision.jpg,0.013662244
snow/light/1775E951_20200403_OH01_DG06_2_19_torchvision.jpg,0.008946645
snow/light/1778D551_20200514_OH01_DG06_2_5_torchvision.jpg,0.033722525
snow/light/1974H803_20200513_OH01_DG06_2_1_torchvision.jpg,0.01568532
snow/light/1974X181_20200513_OH01_DG06_2_1_torchvision.jpg,0.046138141
snow/light/1974X882_20200513_OH01_DG06_2_20_torchvision.jpg,0.016545821
snow/light/1974X943_20200513_OH01_DG06_2_4_torchvision.jpg,0.024486715
snow/light/1974X955_20200513_OH01_DG06_2_13_torchvision.jpg,0.007856575
snow/light/1974X955_20200513_OH01_DG06_2_18_torchvision.jpg,0.017309192
snow/light/2073A262_20200511_OH01_DG06_2_5_torchvision.jpg,0.047583195
snow/light/2074D022_20200512_OH01_DG06_2_5_torchvision.jpg,0.018859633
snow/light/2074D022_20200512_OH01_DG06_2_9_torchvision.jpg,0.00816973
snow/light/2074D093_20200512_OH01_DG06_2_13_torchvision.jpg,0.037443807
snow/light/2074P352_20200512_OH01_DG06_2_5_torchvision.jpg,0.026277331
snow/light/2074P871_20200512_OH01_DG06_2_16_torchvision.jpg,0.004464932
snow/light/2075X451_20200507_OH01_DG06_2_31_torchvision.jpg,0.038730163
snow/light/4520_1679H301_179_torchvision.jpg,0.037269997
snow/light/4520_1977E851_185_torchvision.jpg,0.039786475
snow/light/4520_1978Z452_192_torchvision.jpg,0.009174946
snow/light/4520_2078R041_196_torchvision.jpg,0.051042891
snow/light/4520_2078Y741_198_torchvision.jpg,0.046792466
snow/light/4520_2080X442_207_torchvision.jpg,0.01055433
snow/light/4520_21683381_212_torchvision.jpg,0.039591224
snow/light/4520_21683593_213_torchvision.jpg,0.009736583
snow/light/4520_2168Q751_215_torchvision.jpg,0.006334142
snow/light/4520_2171S981_217_torchvision.jpg,0.015714939
snow/light/4520_2171Y184_218_torchvision.jpg,0.014515146
snow/light/4520_2175E771_220_torchvision.jpg,0.032307194
snow/light/4520_2175F902_223_torchvision.jpg,0.039438194
snow/light/4520_2176G121_225_torchvision.jpg,0.023558122
snow/light/4520_2176Q791_226_torchvision.jpg,0.021867002
snow/light/4520_2176Q791_227_torchvision.jpg,0.036256052
snow/light/4520_2176Z412_232_torchvision.jpg,0.04969859
snow/light/4520_21771203_234_torchvision.jpg,0.011412719
snow/light/4520_2181S751_241_torchvision.jpg,0.030296686
snow/light/4520_2270H831_261_torchvision.jpg,0.006373068
snow/light/4520_2271Q021_266_torchvision.jpg,0.023948429
snow/light/4520_2271W933_268_torchvision.jpg,0.025453053
snow/light/4520_2271Z911_270_torchvision.jpg,0.029348928
snow/light/4520_2272X161_272_torchvision.jpg,0.023333127
snow/light/4520_2273H414_282_torchvision.jpg,0.016073892
snow/light/4520_2274D051_295_torchvision.jpg,0.034105088
snow/light/4520_2274E063_296_torchvision.jpg,0.026571221
snow/light/4520_2274H202_299_torchvision.jpg,0.027280056
snow/light/4520_2274Q121_301_torchvision.jpg,0.02736116
snow/light/4520_2275E097_317_torchvision.jpg,0.014636233
snow/light/4520_2275E122_318_torchvision.jpg,0.043025979
snow/light/4520_2275F241_322_torchvision.jpg,0.042042541
snow/light/4520_2275P311_323_torchvision.jpg,0.005477447
snow/light/4520_2275P831_324_torchvision.jpg,0.004905535
snow/light/4520_2275S251_330_torchvision.jpg,0.008596765
snow/light/4520_2276E571_337_torchvision.jpg,0.030326052
snow/light/4520_2277Z471_352_torchvision.jpg,0.006135363
snow/light/4520_2278X322_355_torchvision.jpg,0.01336885
snow/light/4520_2366W642_368_torchvision.jpg,0.011651769
snow/light/4520_23672984_370_torchvision.jpg,0.037121943
snow/light/4520_23681065_372_torchvision.jpg,0.01712683
snow/light/4520_2369G561_383_torchvision.jpg,0.00475331
snow/light/4520_2369H471_384_torchvision.jpg,0.02307504
snow/light/4520_2371D341_392_torchvision.jpg,0.023860553
snow/light/4520_2372A131_397_torchvision.jpg,0.024755809
snow/light/4520_2372C181_400_torchvision.jpg,0.02520937
snow/light/4520_2372P381_404_torchvision.jpg,0.056186898
snow/light/4520_2373A412_411_torchvision.jpg,0.01437749
snow/light/4520_2374W756_429_torchvision.jpg,0.021964876
snow/light/4520_2381C753_444_torchvision.jpg,0.011601539
snow/light/4520_2465C661_450_torchvision.jpg,0.041929679
snow/light/4520_2470R781_465_torchvision.jpg,0.022578671
snow/light/4520_2473P861_471_torchvision.jpg,0.032977743
snow/light/4520_2478E202_475_torchvision.jpg,0.038526204
snow/light/4520_2479C991_479_torchvision.jpg,0.005684189
snow/light/4520_2479D951_481_torchvision.jpg,0.024943943
snow/light/4520_2479S411_485_torchvision.jpg,0.0252547
snow/light/4520_2480X551_491_torchvision.jpg,0.043393045
snow/light/4520_2580R821_519_torchvision.jpg,0.026595211
snow/light/4520_26713497_531_torchvision.jpg,0.01689378
snow/light/4520_26714081_532_torchvision.jpg,0.012636641
snow/light/4520_2678B742_534_torchvision.jpg,0.007757536
snow/light/4520_2679X672_537_torchvision.jpg,0.021773513
snow/light/4520_2680X621_540_torchvision.jpg,0.030906616
snow/light/4520_2779C931_555_torchvision.jpg,0.04725666
snow/light/4520_28721031_559_torchvision.jpg,0.038307053
snow/light/4520_2877B231_565_torchvision.jpg,0.023088017
snow/light/4520_2973E171_568_torchvision.jpg,0.014063538
snow/light/4520_2974F161_569_torchvision.jpg,0.02286154
snow/light/7815_1473Z411_602_torchvision.jpg,0.040003641
snow/light/7815_1477F671_605_torchvision.jpg,0.040799547
snow/light/7815_1573R351_611_torchvision.jpg,0.005452935
snow/light/7815_1574Y493_613_torchvision.jpg,0.004488004
snow/light/7815_1575E181_614_torchvision.jpg,0.007383598
snow/light/7815_1575Y463_616_torchvision.jpg,0.026845582
snow/light/7815_1577H791_621_torchvision.jpg,0.018374602
snow/light/7815_1671R751_623_torchvision.jpg,0.040713802
snow/light/7815_1673F261_625_torchvision.jpg,0.018800921
snow/light/7815_1673S341_628_torchvision.jpg,0.03715332
snow/light/7815_1675W871_633_torchvision.jpg,0.036300695
snow/light/7815_1675Z631_634_torchvision.jpg,0.01110499
snow/light/7815_1677R182_639_torchvision.jpg,0.011352174
snow/light/7815_1678P861_642_torchvision.jpg,0.050983759
snow/light/7815_1770G201_643_torchvision.jpg,0.041022973
snow/light/7815_17714084_650_torchvision.jpg,0.038606028
snow/light/7815_17724802_653_torchvision.jpg,0.005225492
snow/light/7815_1772C391_654_torchvision.jpg,0.008705952
snow/light/7815_1773A891_655_torchvision.jpg,0.016749372
snow/light/7815_1774E441_656_torchvision.jpg,0.018457402
snow/light/7815_1774H261_657_torchvision.jpg,0.042680592
snow/light/7815_1775D511_658_torchvision.jpg,0.037421525
snow/light/7815_1775F161_659_torchvision.jpg,0.028960428
snow/light/7815_1866G461_665_torchvision.jpg,0.035217741
snow/light/7815_1871X581_669_torchvision.jpg,0.037197749
snow/light/7815_1874H522_671_torchvision.jpg,0.032373884
snow/light/7815_1874H961_673_torchvision.jpg,0.053990439
snow/light/7815_1875D311_676_torchvision.jpg,0.010749074
snow/light/7815_1966F013_682_torchvision.jpg,0.03817192
snow/light/7815_1970X023_687_torchvision.jpg,0.017042327
snow/light/7815_1974Y687_700_torchvision.jpg,0.038648953
snow/light/7815_1974Z462_701_torchvision.jpg,0.027149685
snow/light/7815_1975C371_703_torchvision.jpg,0.01862919
snow/light/7815_2068C701_714_torchvision.jpg,0.026565053
snow/light/7815_2074A921_728_torchvision.jpg,0.009150207
snow/light/7815_2074C082_730_torchvision.jpg,0.028703745
snow/light/7815_2074E941_734_torchvision.jpg,0.040109691
snow/light/7815_2074G763_742_torchvision.jpg,0.018242621
snow/light/7815_2074H233_745_torchvision.jpg,0.028295541
snow/light/7815_2075F643_763_torchvision.jpg,0.006980269
snow/light/7815_2075X332_768_torchvision.jpg,0.039888779
snow/light/7815_2075Z821_774_torchvision.jpg,0.027535924
snow/light/7815_2172E981_779_torchvision.jpg,0.081419542
snow/light/7815_2174S562_805_torchvision.jpg,0.024315824
snow/light/7815_2175B461_816_torchvision.jpg,0.023017634
snow/light/7815_2175R643_822_torchvision.jpg,0.005107231
snow/light/7815_2175R671_823_torchvision.jpg,0.014287532
snow/light/7815_2175R782_825_torchvision.jpg,0.005816844
snow/light/7815_2175S351_826_torchvision.jpg,0.004658162
snow/light/7815_2175S483_827_torchvision.jpg,0.045080747
snow/light/7815_2175W952_829_torchvision.jpg,0.030708663
snow/light/7815_2175X524_831_torchvision.jpg,0.027266799
snow/light/7815_2273A963_836_torchvision.jpg,0.014769143
snow/light/7815_2273B242_838_torchvision.jpg,0.022822031
snow/light/7815_2273R381_845_torchvision.jpg,0.028930104
snow/light/7815_2274S224_846_torchvision.jpg,0.005264885
snow/moderate/1673E672_20200416_OH01_DG06_2_10_torchvision.jpg,0.020526344
snow/moderate/1673E672_20200416_OH01_DG06_2_4_torchvision.jpg,0.010801383
snow/moderate/1674Z011_20200416_OH01_DG06_2_14_torchvision.jpg,0.06180108
snow/moderate/1674Z011_20200416_OH01_DG06_2_17_torchvision.jpg,0.04346482
snow/moderate/1675S482_20200409_OH01_DG06_2_13_torchvision.jpg,0.016344912
snow/moderate/1678F614_20200514_OH01_DG06_2_13_torchvision.jpg,0.034224036
snow/moderate/1678F614_20200514_OH01_DG06_2_27_torchvision.jpg,0.011668789
snow/moderate/1778D521_20200514_OH01_DG06_2_15_torchvision.jpg,0.01570024
snow/moderate/1778D551_20200514_OH01_DG06_2_5_torchvision.jpg,0.013924097
snow/moderate/1778P951_20200514_OH01_DG06_2_13_torchvision.jpg,0.025445121
snow/moderate/1778P951_20200514_OH01_DG06_2_27_torchvision.jpg,0.044903066
snow/moderate/1970Y932_20200429_OH01_DG06_2_3_torchvision.jpg,0.008807093
snow/moderate/1970Y932_20200429_OH01_DG06_2_6_torchvision.jpg,0.014978873
snow/moderate/1974X911_20200513_OH01_DG06_2_16_torchvision.jpg,0.044991459
snow/moderate/1974X955_20200513_OH01_DG06_2_11_torchvision.jpg,0.038700203
snow/moderate/1974X955_20200513_OH01_DG06_2_13_torchvision.jpg,0.023422357
snow/moderate/1974Z931_20200513_OH01_DG06_2_10_torchvision.jpg,0.0344185
snow/moderate/2074D022_20200512_OH01_DG06_2_10_torchvision.jpg,0.026611213
snow/moderate/2074D022_20200512_OH01_DG06_2_3_torchvision.jpg,0.02795375
snow/moderate/2074P352_20200512_OH01_DG06_2_20_torchvision.jpg,0.025334293
snow/moderate/2074P352_20200512_OH01_DG06_2_40_torchvision.jpg,0.018676102
snow/moderate/2074P352_20200512_OH01_DG06_2_41_torchvision.jpg,0.011302273
snow/moderate/2074P352_20200512_OH01_DG06_2_42_torchvision.jpg,0.015488598
snow/moderate/2074P713_20200513_OH01_DG06_2_31_torchvision.jpg,0.025799475
snow/moderate/2074P713_20200513_OH01_DG06_2_5_torchvision.jpg,0.032192589
snow/moderate/2074P871_20200512_OH01_DG06_2_11_torchvision.jpg,0.021344021
snow/moderate/2074P871_20200512_OH01_DG06_2_12_torchvision.jpg,0.010000285
snow/moderate/2074P871_20200512_OH01_DG06_2_15_torchvision.jpg,0.039807107
snow/moderate/2075X451_20200507_OH01_DG06_2_17_torchvision.jpg,0.051168191
snow/moderate/2075X451_20200507_OH01_DG06_2_31_torchvision.jpg,0.032994389
snow/moderate/4520_1978R512_190_torchvision.jpg,0.045091302
snow/moderate/4520_2068X471_193_torchvision.jpg,0.015488468
snow/moderate/4520_2079R992_200_torchvision.jpg,0.034130464
snow/moderate/4520_21681512_211_torchvision.jpg,0.032773674
snow/moderate/4520_21683593_213_torchvision.jpg,0.017607742
snow/moderate/4520_2169S642_216_torchvision.jpg,0.020307797
snow/moderate/4520_2176Q791_226_torchvision.jpg,0.012279631
snow/moderate/4520_2176X122_231_torchvision.jpg,0.009657416
snow/moderate/4520_2182Z271_243_torchvision.jpg,0.017012522
snow/moderate/4520_2266B001_245_torchvision.jpg,0.014080793
snow/moderate/4520_22702162_260_torchvision.jpg,0.015586233
snow/moderate/4520_2270S501_262_torchvision.jpg,0.025927908
snow/moderate/4520_2271Q021_266_torchvision.jpg,0.025069175
snow/moderate/4520_2273E292_274_torchvision.jpg,0.005315947
snow/moderate/4520_2273E613_276_torchvision.jpg,0.030088776
snow/moderate/4520_2274B861_291_torchvision.jpg,0.054625328
snow/moderate/4520_2274E063_296_torchvision.jpg,0.045781271
snow/moderate/4520_2274G192_297_torchvision.jpg,0.023518572
snow/moderate/4520_2274Q961_305_torchvision.jpg,0.046106091
snow/moderate/4520_2275A736_309_torchvision.jpg,0.046036424
snow/moderate/4520_2275D502_314_torchvision.jpg,0.030924339
snow/moderate/4520_2275D513_315_torchvision.jpg,0.05024228
snow/moderate/4520_2275F142_321_torchvision.jpg,0.026459079
snow/moderate/4520_2275P931_325_torchvision.jpg,0.021585509
snow/moderate/4520_2275Q943_328_torchvision.jpg,0.008650866
snow/moderate/4520_2276C961_334_torchvision.jpg,0.024594178
snow/moderate/4520_2276D734_336_torchvision.jpg,0.061804489
snow/moderate/4520_2276E571_337_torchvision.jpg,0.030852619
snow/moderate/4520_2277A111_342_torchvision.jpg,0.021120412
snow/moderate/4520_2277Z471_352_torchvision.jpg,0.021830921
snow/moderate/4520_2278X322_355_torchvision.jpg,0.019761544
snow/moderate/4520_2366D551_365_torchvision.jpg,0.032790874
snow/moderate/4520_2366P871_366_torchvision.jpg,0.024326313
snow/moderate/4520_23681065_372_torchvision.jpg,0.035375567
snow/moderate/4520_23684192_377_torchvision.jpg,0.024820989
snow/moderate/4520_2368P321_380_torchvision.jpg,0.029296668
snow/moderate/4520_23694133_381_torchvision.jpg,0.032749331
snow/moderate/4520_2369B501_382_torchvision.jpg,0.038012292
snow/moderate/4520_2369G561_383_torchvision.jpg,0.0073873
snow/moderate/4520_2370B282_387_torchvision.jpg,0.014189899
snow/moderate/4520_2371P821_393_torchvision.jpg,0.025027979
snow/moderate/4520_2372A131_397_torchvision.jpg,0.021269254
snow/moderate/4520_2373A161_409_torchvision.jpg,0.028176863
snow/moderate/4520_2373A683_414_torchvision.jpg,0.008128578
snow/moderate/4520_2373R171_418_torchvision.jpg,0.010638281
snow/moderate/4520_2373R582_420_torchvision.jpg,0.02689648
snow/moderate/4520_2374H642_427_torchvision.jpg,0.039012703
snow/moderate/4520_2374Y621_430_torchvision.jpg,0.0319811
snow/moderate/4520_2377P793_436_torchvision.jpg,0.017091483
snow/moderate/4520_2378E921_438_torchvision.jpg,0.025230325
snow/moderate/4520_2381X371_447_torchvision.jpg,0.037376288
snow/moderate/4520_2381Y391_448_torchvision.jpg,0.039235266
snow/moderate/4520_2468R441_457_torchvision.jpg,0.035519155
snow/moderate/4520_2469Q371_458_torchvision.jpg,0.025299734
snow/moderate/4520_2469X731_459_torchvision.jpg,0.037691882
snow/moderate/4520_2479C991_479_torchvision.jpg,0.017499732
snow/moderate/4520_2479D951_481_torchvision.jpg,0.037909954
snow/moderate/4520_2480X551_491_torchvision.jpg,0.012239941
snow/moderate/4520_2569P022_495_torchvision.jpg,0.009917354
snow/moderate/4520_2573A082_503_torchvision.jpg,0.018941535
snow/moderate/4520_2580A271_517_torchvision.jpg,0.021846102
snow/moderate/4520_2678B742_534_torchvision.jpg,0.034563091
snow/moderate/4520_2680X621_540_torchvision.jpg,0.034427613
snow/moderate/4520_27713562_543_torchvision.jpg,0.021371309
snow/moderate/4520_27724442_546_torchvision.jpg,0.013645178
snow/moderate/4520_2774Z961_549_torchvision.jpg,0.034157236
snow/moderate/4520_2775B111_550_torchvision.jpg,0.010972786
snow/moderate/4520_2974R652_573_torchvision.jpg,0.052281061
snow/moderate/4520_2974S752_574_torchvision.jpg,0.030535525
snow/moderate/4520_30731611_580_torchvision.jpg,0.039450473
snow/moderate/4520_31721561_583_torchvision.jpg,0.021567362
snow/moderate/4520_3178S232_589_torchvision.jpg,0.017049005
snow/moderate/4520_33734672_593_torchvision.jpg,0.016345015
snow/moderate/4592_7998A981_594_torchvision.jpg,0.029605095
snow/moderate/4592_7998E272_595_torchvision.jpg,0.022475681
snow/moderate/4592_7998E461_596_torchvision.jpg,0.022376407
snow/moderate/4592_8098E631_597_torchvision.jpg,0.036309405
snow/moderate/7815_1471A932_598_torchvision.jpg,0.022224487
snow/moderate/7815_1574Y493_613_torchvision.jpg,0.004174885
snow/moderate/7815_1575F041_615_torchvision.jpg,0.008020349
snow/moderate/7815_1577D522_618_torchvision.jpg,0.025282687
snow/moderate/7815_1577H791_621_torchvision.jpg,0.0210577
snow/moderate/7815_1673S521_629_torchvision.jpg,0.018935089
snow/moderate/7815_1675D851_632_torchvision.jpg,0.02550573
snow/moderate/7815_1677D201_638_torchvision.jpg,0.043934425
snow/moderate/7815_1770G201_643_torchvision.jpg,0.023256679
snow/moderate/7815_1770Q971_648_torchvision.jpg,0.024180811
snow/moderate/7815_1772C391_654_torchvision.jpg,0.016638924
snow/moderate/7815_1774E441_656_torchvision.jpg,0.020822301
snow/moderate/7815_1774H261_657_torchvision.jpg,0.069391477
snow/moderate/7815_1776R262_663_torchvision.jpg,0.025335788
snow/moderate/7815_1866F861_664_torchvision.jpg,0.039019363
snow/moderate/7815_1874H522_671_torchvision.jpg,0.031046925
snow/moderate/7815_1875D041_675_torchvision.jpg,0.011352638
snow/moderate/7815_1964E442_679_torchvision.jpg,0.040875666
snow/moderate/7815_1965E501_680_torchvision.jpg,0.02155634
snow/moderate/7815_1972H971_692_torchvision.jpg,0.040902061
snow/moderate/7815_1973R692_693_torchvision.jpg,0.024668363
snow/moderate/7815_1973W411_694_torchvision.jpg,0.043841201
snow/moderate/7815_1974X881_698_torchvision.jpg,0.017538778
snow/moderate/7815_1974Y687_700_torchvision.jpg,0.017607834
snow/moderate/7815_1975S326_705_torchvision.jpg,0.032215517
snow/moderate/7815_1975Z891_706_torchvision.jpg,0.021419178
snow/moderate/7815_2064W461_711_torchvision.jpg,0.031246471
snow/moderate/7815_2068C701_714_torchvision.jpg,0.026590646
snow/moderate/7815_2070P274_718_torchvision.jpg,0.02915808
snow/moderate/7815_2073Y691_726_torchvision.jpg,0.023281218
snow/moderate/7815_2074E222_732_torchvision.jpg,0.030134739
snow/moderate/7815_2074E941_734_torchvision.jpg,0.038307709
snow/moderate/7815_2074F655_736_torchvision.jpg,0.029379159
snow/moderate/7815_2074G372_739_torchvision.jpg,0.032910501
snow/moderate/7815_2074H422_746_torchvision.jpg,0.018627659
snow/moderate/7815_2074Y094_754_torchvision.jpg,0.056591297
snow/moderate/7815_2074Y361_757_torchvision.jpg,0.020277736
snow/moderate/7815_2075B901_760_torchvision.jpg,0.024501578
snow/moderate/7815_2075E421_761_torchvision.jpg,0.029951386
snow/moderate/7815_2170Q212_776_torchvision.jpg,0.031586388
snow/moderate/7815_2171C641_777_torchvision.jpg,0.021418138
snow/moderate/7815_2174C644_800_torchvision.jpg,0.040615811
snow/moderate/7815_2174Z772_815_torchvision.jpg,0.022245384
snow/moderate/7815_2175S483_827_torchvision.jpg,0.023197285
snow/moderate/7815_2175Y551_832_torchvision.jpg,0.005282664
